timestamp,open,high,low,close,volume
2024-01-02T12:00:00,35000.00,35013.56,34992.23,34993.31,1.08514
2024-01-02T12:01:00,34993.31,34997.95,34992.32,34992.32,1.32915
2024-01-02T12:02:00,34992.32,34996.57,34987.06,34990.57,1.82089
2024-01-02T12:03:00,34990.57,34995.17,34977.85,34984.33,0.98833
2024-01-02T12:04:00,34984.33,35001.65,34961.94,34966.91,0.57810
2024-01-02T12:05:00,34966.91,34972.64,34961.21,34961.21,0.84992
2024-01-02T12:06:00,34961.21,34971.57,34948.14,34967.96,0.92643
2024-01-02T12:07:00,34967.96,34981.66,34954.75,34979.67,2.04618
2024-01-02T12:08:00,34979.67,34998.65,34969.31,34988.03,1.21288
2024-01-02T12:09:00,34988.03,34995.15,34979.94,34988.32,0.91319
2024-01-02T12:10:00,34988.32,35010.29,34967.36,35004.14,0.27883
2024-01-02T12:11:00,35004.14,35028.57,34985.74,35023.94,1.46008
2024-01-02T12:12:00,35023.94,35038.04,35015.21,35028.68,1.14775
2024-01-02T12:13:00,35028.68,35031.39,35026.56,35029.83,1.10683
2024-01-02T12:14:00,35029.83,35048.57,35006.29,35010.81,0.60053
2024-01-02T12:15:00,35010.81,35034.79,34992.69,35025.30,1.39817
2024-01-02T12:16:00,35025.30,35040.53,35018.14,35018.14,1.24123
2024-01-02T12:17:00,35018.14,35021.37,35017.50,35017.50,1.56215
2024-01-02T12:18:00,35017.50,35032.26,35005.36,35012.42,0.64492
2024-01-02T12:19:00,35012.42,35038.06,34985.84,34997.56,0.69433
2024-01-02T12:20:00,34997.56,35002.90,34986.91,34988.88,1.51199
2024-01-02T12:21:00,34988.88,35002.91,34975.37,34975.37,1.34051
2024-01-02T12:22:00,34975.37,34991.57,34950.69,34960.57,1.42689
2024-01-02T12:23:00,34960.57,34967.90,34945.98,34959.40,1.50638
2024-01-02T12:24:00,34959.40,34961.62,34957.01,34957.01,1.11302
2024-01-02T12:25:00,34957.01,34980.07,34938.19,34939.94,2.13544
2024-01-02T12:26:00,34939.94,34946.95,34928.43,34945.30,1.07099
2024-01-02T12:27:00,34945.30,34958.35,34934.64,34942.76,0.83303
2024-01-02T12:28:00,34942.76,34957.68,34926.09,34939.47,1.51869
2024-01-02T12:29:00,34939.47,34954.24,34926.32,34944.35,0.33327
2024-01-02T12:30:00,34944.35,34965.83,34918.55,34930.04,0.08826
2024-01-02T12:31:00,34930.04,34953.20,34908.31,34946.83,1.58276
2024-01-02T12:32:00,34946.83,34965.20,34925.69,34938.10,0.47859
2024-01-02T12:33:00,34938.10,34956.69,34917.02,34952.91,1.29356
2024-01-02T12:34:00,34952.91,34964.70,34935.01,34961.24,1.61904
2024-01-02T12:35:00,34961.24,34974.87,34949.82,34953.77,0.06732
2024-01-02T12:36:00,34953.77,34977.74,34930.79,34935.32,1.84801
2024-01-02T12:37:00,34935.32,34947.09,34927.71,34936.75,0.04250
2024-01-02T12:38:00,34936.75,34960.85,34908.58,34954.92,1.84769
2024-01-02T12:39:00,34954.92,34969.41,34940.96,34944.23,0.52524
2024-01-02T12:40:00,34944.23,34955.16,34925.50,34933.14,0.56110
2024-01-02T12:41:00,34933.14,34958.49,34911.95,34949.63,1.37193
2024-01-02T12:42:00,34949.63,34954.97,34946.86,34946.86,1.29351
2024-01-02T12:43:00,34946.86,34953.48,34942.54,34945.98,0.90702
2024-01-02T12:44:00,34945.98,34949.26,34938.16,34945.69,1.05523
2024-01-02T12:45:00,34945.69,34953.59,34936.25,34945.43,2.04783
2024-01-02T12:46:00,34945.43,34955.05,34934.00,34949.45,0.64227
2024-01-02T12:47:00,34949.45,34975.88,34922.37,34964.71,1.08163
2024-01-02T12:48:00,34964.71,34975.49,34960.95,34963.30,1.01864
2024-01-02T12:49:00,34963.30,34980.37,34945.09,34956.90,1.26903
2024-01-02T12:50:00,34956.90,34977.32,34941.65,34946.91,1.54479
2024-01-02T12:51:00,34946.91,34969.88,34918.91,34968.33,1.12870
2024-01-02T12:52:00,34968.33,34987.03,34951.40,34951.75,0.86601
2024-01-02T12:53:00,34951.75,34975.37,34932.34,34932.34,1.92718
2024-01-02T12:54:00,34932.34,34937.94,34917.54,34937.94,1.43154
2024-01-02T12:55:00,34937.94,34955.11,34925.86,34925.86,1.15838
2024-01-02T12:56:00,34925.86,34937.16,34920.17,34920.17,1.76808
2024-01-02T12:57:00,34920.17,34928.76,34905.27,34927.44,0.88383
2024-01-02T12:58:00,34927.44,34950.88,34902.32,34906.17,1.31493
2024-01-02T12:59:00,34906.17,34924.07,34886.13,34924.07,1.05418
2024-01-02T13:00:00,34924.07,34938.63,34912.40,34912.40,1.28490
2024-01-02T13:01:00,34912.40,34927.38,34892.88,34898.37,1.33652
2024-01-02T13:02:00,34898.37,34901.85,34898.19,34898.19,2.00888
2024-01-02T13:03:00,34898.19,34904.98,34886.80,34896.29,1.27824
2024-01-02T13:04:00,34896.29,34914.00,34875.19,34907.98,0.43781
2024-01-02T13:05:00,34907.98,34935.60,34881.62,34928.64,1.16796
2024-01-02T13:06:00,34928.64,34932.99,34923.53,34923.53,1.17802
2024-01-02T13:07:00,34923.53,34945.41,34901.35,34911.76,0.81646
2024-01-02T13:08:00,34911.76,34923.42,34898.45,34899.62,0.83159
2024-01-02T13:09:00,34899.62,34923.56,34878.70,34922.74,1.33048
2024-01-02T13:10:00,34922.74,34930.37,34911.31,34914.87,0.86511
2024-01-02T13:11:00,34914.87,34917.70,34913.79,34914.06,1.19418
2024-01-02T13:12:00,34914.06,34935.43,34893.40,34896.58,0.38077
2024-01-02T13:13:00,34896.58,34911.67,34886.38,34901.14,1.04804
2024-01-02T13:14:00,34901.14,34927.77,34875.32,34915.97,1.73857
2024-01-02T13:15:00,34915.97,34929.19,34909.48,34921.30,0.29309
2024-01-02T13:16:00,34921.30,34929.52,34912.86,34922.32,1.79239
2024-01-02T13:17:00,34922.32,34930.36,34913.25,34928.66,0.72742
2024-01-02T13:18:00,34928.66,34950.04,34906.58,34914.11,0.95539
2024-01-02T13:19:00,34914.11,34941.47,34889.22,34894.60,0.67450
2024-01-02T13:20:00,34894.60,34908.34,34885.71,34896.72,1.12110
2024-01-02T13:21:00,34896.72,34918.26,34879.99,34883.75,2.00450
2024-01-02T13:22:00,34883.75,34892.26,34876.74,34884.34,1.44959
2024-01-02T13:23:00,34884.34,34897.22,34868.82,34869.62,1.33210
2024-01-02T13:24:00,34869.62,34893.91,34845.13,34853.80,1.04695
2024-01-02T13:25:00,34853.80,34856.40,34843.45,34849.38,1.78306
2024-01-02T13:26:00,34849.38,34868.68,34825.67,34868.68,1.73535
2024-01-02T13:27:00,34868.68,34887.39,34857.32,34860.24,1.09127
2024-01-02T13:28:00,34860.24,34884.10,34844.59,34849.12,0.15775
2024-01-02T13:29:00,34849.12,34866.23,34836.12,34852.50,1.14268
2024-01-02T13:30:00,34852.50,34876.86,34829.62,34829.62,0.95738
2024-01-02T13:31:00,34829.62,34850.74,34807.62,34839.43,1.56207
2024-01-02T13:32:00,34839.43,34865.50,34819.48,34855.21,0.23334
2024-01-02T13:33:00,34855.21,34863.06,34848.89,34854.26,2.34243
2024-01-02T13:34:00,34854.26,34873.05,34828.97,34835.82,1.14100
2024-01-02T13:35:00,34835.82,34857.79,34814.57,34826.53,1.79513
2024-01-02T13:36:00,34826.53,34841.18,34815.81,34833.97,1.97290
2024-01-02T13:37:00,34833.97,34842.38,34829.14,34829.14,1.44832
2024-01-02T13:38:00,34829.14,34850.93,34808.63,34844.19,1.10581
2024-01-02T13:39:00,34844.19,34856.79,34829.02,34833.54,0.16462
2024-01-02T13:40:00,34833.54,34848.92,34811.17,34820.20,1.40369
2024-01-02T13:41:00,34820.20,34841.46,34798.42,34835.97,2.26870
2024-01-02T13:42:00,34835.97,34844.68,34827.06,34830.34,1.83192
2024-01-02T13:43:00,34830.34,34839.07,34823.09,34825.24,0.65858
2024-01-02T13:44:00,34825.24,34852.43,34806.46,34807.75,0.51602
2024-01-02T13:45:00,34807.75,34821.60,34792.39,34795.85,0.47505
2024-01-02T13:46:00,34795.85,34822.74,34777.47,34809.33,0.93246
2024-01-02T13:47:00,34809.33,34810.40,34804.34,34810.40,0.17110
2024-01-02T13:48:00,34810.40,34833.15,34794.89,34819.51,1.54361
2024-01-02T13:49:00,34819.51,34834.01,34805.76,34829.45,1.70138
2024-01-02T13:50:00,34829.45,34831.55,34819.92,34825.06,1.83085
2024-01-02T13:51:00,34825.06,34835.43,34810.85,34819.20,0.85278
2024-01-02T13:52:00,34819.20,34839.96,34797.86,34802.57,1.31199
2024-01-02T13:53:00,34802.57,34826.76,34773.40,34784.43,1.86853
2024-01-02T13:54:00,34784.43,34802.13,34766.61,34802.13,1.07954
2024-01-02T13:55:00,34802.13,34828.00,34778.80,34780.57,0.78873
2024-01-02T13:56:00,34780.57,34789.54,34773.54,34785.65,0.53496
2024-01-02T13:57:00,34785.65,34805.12,34768.52,34770.62,1.56258
2024-01-02T13:58:00,34770.62,34797.62,34749.52,34786.63,1.22748
2024-01-02T13:59:00,34786.63,34806.58,34766.32,34803.88,0.78290
2024-01-02T14:00:00,34803.88,34811.96,34793.33,34807.62,1.47298
2024-01-02T14:01:00,34807.62,34829.48,34780.71,34793.53,1.15522
2024-01-02T14:02:00,34793.53,34812.16,34780.93,34799.70,1.96184
2024-01-02T14:03:00,34799.70,34822.21,34777.23,34779.29,0.87532
2024-01-02T14:04:00,34779.29,34795.32,34762.54,34770.61,2.12004
2024-01-02T14:05:00,34770.61,34790.53,34750.69,34758.23,2.10522
2024-01-02T14:06:00,34758.23,34779.99,34731.01,34737.13,0.49878
2024-01-02T14:07:00,34737.13,34764.04,34710.68,34713.75,2.00298
2024-01-02T14:08:00,34713.75,34741.56,34692.58,34697.62,1.56568
2024-01-02T14:09:00,34697.62,34712.90,34685.89,34690.68,0.92920
2024-01-02T14:10:00,34690.68,34698.06,34675.78,34687.50,0.40219
2024-01-02T14:11:00,34687.50,34711.28,34658.91,34673.01,0.30667
2024-01-02T14:12:00,34673.01,34681.85,34663.54,34672.75,1.56837
2024-01-02T14:13:00,34672.75,34690.02,34657.14,34680.57,2.02188
2024-01-02T14:14:00,34680.57,34695.61,34672.56,34672.56,1.20683
2024-01-02T14:15:00,34672.56,34695.50,34651.89,34659.95,0.82317
2024-01-02T14:16:00,34659.95,34677.94,34643.77,34671.26,0.41356
2024-01-02T14:17:00,34671.26,34677.55,34662.93,34670.88,1.20753
2024-01-02T14:18:00,34670.88,34687.44,34659.75,34684.21,1.02430
2024-01-02T14:19:00,34684.21,34691.28,34676.65,34676.65,1.82250
2024-01-02T14:20:00,34676.65,34696.30,34659.52,34661.74,1.79427
2024-01-02T14:21:00,34661.74,34679.02,34641.09,34647.02,1.17178
2024-01-02T14:22:00,34647.02,34656.44,34636.87,34641.42,1.13172
2024-01-02T14:23:00,34641.42,34659.67,34619.70,34627.72,1.44251
2024-01-02T14:24:00,34627.72,34644.97,34605.30,34644.97,1.72999
2024-01-02T14:25:00,34644.97,34653.45,34638.75,34646.80,1.61528
2024-01-02T14:26:00,34646.80,34663.12,34634.97,34634.97,0.84867
2024-01-02T14:27:00,34634.97,34649.59,34614.42,34622.85,1.86608
2024-01-02T14:28:00,34622.85,34644.27,34599.88,34606.77,1.45125
2024-01-02T14:29:00,34606.77,34617.42,34595.88,34617.42,1.36202
2024-01-02T14:30:00,34617.42,34628.50,34605.75,34613.56,1.67540
2024-01-02T14:31:00,34613.56,34627.71,34601.39,34605.47,1.18990
2024-01-02T14:32:00,34605.47,34612.58,34593.59,34602.02,1.24515
2024-01-02T14:33:00,34602.02,34613.18,34599.07,34605.31,1.27372
2024-01-02T14:34:00,34605.31,34611.93,34597.31,34600.35,1.41416
2024-01-02T14:35:00,34600.35,34610.40,34598.00,34598.00,1.09172
2024-01-02T14:36:00,34598.00,34620.55,34579.74,34619.99,0.37475
2024-01-02T14:37:00,34619.99,34626.40,34607.31,34622.02,1.90130
2024-01-02T14:38:00,34622.02,34634.13,34616.37,34616.37,0.71194
2024-01-02T14:39:00,34616.37,34623.50,34604.46,34615.69,1.55579
2024-01-02T14:40:00,34615.69,34641.62,34596.95,34600.71,1.69964
2024-01-02T14:41:00,34600.71,34605.78,34594.51,34603.54,1.65597
2024-01-02T14:42:00,34603.54,34610.98,34596.19,34596.19,0.77458
2024-01-02T14:43:00,34596.19,34614.58,34581.01,34582.39,0.80604
2024-01-02T14:44:00,34582.39,34584.75,34577.01,34577.24,0.64191
2024-01-02T14:45:00,34577.24,34596.43,34551.53,34561.64,1.41302
2024-01-02T14:46:00,34561.64,34567.14,34557.41,34566.61,1.84669
2024-01-02T14:47:00,34566.61,34594.61,34544.83,34591.27,1.94464
2024-01-02T14:48:00,34591.27,34600.76,34589.30,34593.83,1.36683
2024-01-02T14:49:00,34593.83,34601.39,34578.90,34585.62,1.12224
2024-01-02T14:50:00,34585.62,34603.27,34563.80,34595.33,1.15204
2024-01-02T14:51:00,34595.33,34604.39,34586.48,34592.45,1.79188
2024-01-02T14:52:00,34592.45,34601.33,34577.42,34595.79,0.50205
2024-01-02T14:53:00,34595.79,34606.95,34584.38,34594.01,1.06358
2024-01-02T14:54:00,34594.01,34616.12,34574.25,34581.17,1.05875
2024-01-02T14:55:00,34581.17,34591.91,34573.65,34581.03,2.71927
2024-01-02T14:56:00,34581.03,34598.97,34568.75,34592.17,1.86059
2024-01-02T14:57:00,34592.17,34598.73,34585.28,34595.21,1.13360
2024-01-02T14:58:00,34595.21,34604.98,34581.61,34596.17,1.30360
2024-01-02T14:59:00,34596.17,34618.83,34576.00,34576.00,1.92016
2024-01-02T15:00:00,34576.00,34592.92,34562.93,34566.21,0.93433
2024-01-02T15:01:00,34566.21,34585.17,34547.79,34585.06,1.24225
2024-01-02T15:02:00,34585.06,34603.93,34567.56,34595.02,0.80588
2024-01-02T15:03:00,34595.02,34605.45,34579.66,34591.37,0.69225
2024-01-02T15:04:00,34591.37,34601.87,34576.00,34580.37,1.21342
2024-01-02T15:05:00,34580.37,34597.03,34559.81,34587.95,1.37290
2024-01-02T15:06:00,34587.95,34605.04,34569.51,34579.06,1.39618
2024-01-02T15:07:00,34579.06,34595.95,34563.24,34573.23,1.58288
2024-01-02T15:08:00,34573.23,34600.43,34548.83,34555.90,0.85798
2024-01-02T15:09:00,34555.90,34572.08,34536.75,34542.61,1.30525
2024-01-02T15:10:00,34542.61,34557.53,34532.14,34550.95,0.38891
2024-01-02T15:11:00,34550.95,34558.30,34540.37,34549.05,1.54464
2024-01-02T15:12:00,34549.05,34566.85,34531.49,34566.69,1.97847
2024-01-02T15:13:00,34566.69,34576.90,34557.37,34563.84,0.91806
2024-01-02T15:14:00,34563.84,34575.72,34548.82,34568.76,1.61318
2024-01-02T15:15:00,34568.76,34590.31,34548.76,34581.14,0.54631
2024-01-02T15:16:00,34581.14,34593.44,34560.51,34566.07,1.43411
2024-01-02T15:17:00,34566.07,34584.64,34548.62,34578.64,1.23995
2024-01-02T15:18:00,34578.64,34593.31,34563.57,34582.00,0.79954
2024-01-02T15:19:00,34582.00,34603.62,34568.64,34598.38,0.94419
2024-01-02T15:20:00,34598.38,34616.03,34579.75,34611.08,2.14745
2024-01-02T15:21:00,34611.08,34631.81,34592.28,34621.43,1.40820
2024-01-02T15:22:00,34621.43,34645.01,34603.38,34603.62,1.10876
2024-01-02T15:23:00,34603.62,34620.51,34590.21,34592.10,1.24738
2024-01-02T15:24:00,34592.10,34619.17,34567.35,34605.97,0.74268
2024-01-02T15:25:00,34605.97,34623.93,34589.67,34614.05,1.47858
2024-01-02T15:26:00,34614.05,34636.74,34597.86,34623.56,1.45154
2024-01-02T15:27:00,34623.56,34647.58,34599.53,34645.64,2.00923
2024-01-02T15:28:00,34645.64,34661.73,34624.70,34630.62,1.58333
2024-01-02T15:29:00,34630.62,34647.02,34618.11,34620.58,1.05891
2024-01-02T15:30:00,34620.58,34644.31,34595.94,34605.09,0.88806
2024-01-02T15:31:00,34605.09,34610.17,34591.99,34596.13,1.59895
2024-01-02T15:32:00,34596.13,34616.90,34579.36,34583.17,1.47202
2024-01-02T15:33:00,34583.17,34592.27,34574.07,34583.07,0.95707
2024-01-02T15:34:00,34583.07,34590.68,34568.57,34578.63,1.18466
2024-01-02T15:35:00,34578.63,34586.87,34574.92,34575.80,0.89560
2024-01-02T15:36:00,34575.80,34593.12,34557.38,34593.12,1.36086
2024-01-02T15:37:00,34593.12,34610.14,34574.14,34575.97,0.95897
2024-01-02T15:38:00,34575.97,34592.60,34561.80,34565.11,1.42506
2024-01-02T15:39:00,34565.11,34577.69,34553.14,34559.83,1.14580
2024-01-02T15:40:00,34559.83,34573.05,34545.61,34546.56,1.69315
2024-01-02T15:41:00,34546.56,34563.20,34528.59,34557.83,1.30676
2024-01-02T15:42:00,34557.83,34576.21,34536.09,34547.58,0.60894
2024-01-02T15:43:00,34547.58,34559.83,34530.40,34559.83,1.47800
2024-01-02T15:44:00,34559.83,34579.32,34542.08,34572.21,0.78478
2024-01-02T15:45:00,34572.21,34581.54,34559.26,34579.47,1.32374
2024-01-02T15:46:00,34579.47,34588.89,34569.74,34585.87,0.56850
2024-01-02T15:47:00,34585.87,34609.63,34560.88,34601.97,1.60442
2024-01-02T15:48:00,34601.97,34602.76,34596.13,34598.17,1.43576
2024-01-02T15:49:00,34598.17,34604.68,34591.99,34601.11,0.03551
2024-01-02T15:50:00,34601.11,34609.89,34595.41,34600.70,1.52521
2024-01-02T15:51:00,34600.70,34615.70,34592.11,34612.92,1.08973
2024-01-02T15:52:00,34612.92,34621.45,34603.14,34603.14,0.74453
2024-01-02T15:53:00,34603.14,34613.73,34592.97,34613.49,1.45570
2024-01-02T15:54:00,34613.49,34633.28,34587.88,34630.01,1.26221
2024-01-02T15:55:00,34630.01,34647.41,34614.25,34641.69,1.45565
2024-01-02T15:56:00,34641.69,34656.18,34624.34,34633.92,1.42694
2024-01-02T15:57:00,34633.92,34643.40,34617.35,34624.24,0.68605
2024-01-02T15:58:00,34624.24,34642.03,34607.68,34637.53,1.21440
2024-01-02T15:59:00,34637.53,34648.85,34625.64,34646.19,1.23379
2024-01-02T16:00:00,34646.19,34655.65,34639.71,34647.62,1.30458
2024-01-02T16:01:00,34647.62,34668.58,34633.10,34664.05,1.06420
2024-01-02T16:02:00,34664.05,34669.49,34649.21,34669.49,1.19996
2024-01-02T16:03:00,34669.49,34691.55,34651.74,34651.74,1.43135
2024-01-02T16:04:00,34651.74,34669.58,34626.66,34668.98,1.34509
2024-01-02T16:05:00,34668.98,34693.13,34651.25,34686.67,0.47134
2024-01-02T16:06:00,34686.67,34692.29,34676.61,34688.45,1.16678
2024-01-02T16:07:00,34688.45,34703.46,34669.35,34670.47,1.56373
2024-01-02T16:08:00,34670.47,34676.21,34661.49,34665.19,1.50326
2024-01-02T16:09:00,34665.19,34676.10,34658.94,34666.88,0.72719
2024-01-02T16:10:00,34666.88,34691.68,34642.09,34680.59,0.61537
2024-01-02T16:11:00,34680.59,34707.67,34658.22,34697.70,0.71836
2024-01-02T16:12:00,34697.70,34720.78,34675.54,34711.98,1.50824
2024-01-02T16:13:00,34711.98,34720.71,34708.86,34710.32,0.83536
2024-01-02T16:14:00,34710.32,34721.69,34704.28,34710.49,0.71313
2024-01-02T16:15:00,34710.49,34729.37,34694.81,34704.28,1.53659
2024-01-02T16:16:00,34704.28,34714.03,34691.65,34698.86,1.23050
2024-01-02T16:17:00,34698.86,34713.22,34689.46,34705.77,1.06033
2024-01-02T16:18:00,34705.77,34734.74,34679.94,34687.60,1.46626
2024-01-02T16:19:00,34687.60,34698.34,34676.17,34693.03,0.13600
2024-01-02T16:20:00,34693.03,34706.94,34681.22,34702.90,1.45426
2024-01-02T16:21:00,34702.90,34730.56,34677.82,34683.07,1.38807
2024-01-02T16:22:00,34683.07,34701.59,34667.58,34693.99,0.81397
2024-01-02T16:23:00,34693.99,34706.11,34690.67,34691.90,1.40662
2024-01-02T16:24:00,34691.90,34718.42,34667.72,34677.66,1.12037
2024-01-02T16:25:00,34677.66,34691.55,34663.33,34672.90,1.22784
2024-01-02T16:26:00,34672.90,34682.85,34667.27,34667.27,1.24873
2024-01-02T16:27:00,34667.27,34684.29,34659.04,34678.32,1.20477
2024-01-02T16:28:00,34678.32,34700.35,34661.05,34665.81,1.26146
2024-01-02T16:29:00,34665.81,34685.33,34647.55,34672.62,1.34813
2024-01-02T16:30:00,34672.62,34682.37,34658.15,34675.30,1.97479
2024-01-02T16:31:00,34675.30,34701.35,34647.58,34651.55,1.02331
2024-01-02T16:32:00,34651.55,34660.77,34635.39,34643.86,1.64527
2024-01-02T16:33:00,34643.86,34653.63,34639.41,34649.83,1.37558
2024-01-02T16:34:00,34649.83,34661.60,34640.18,34643.22,1.47180
2024-01-02T16:35:00,34643.22,34657.53,34631.23,34657.53,0.02713
2024-01-02T16:36:00,34657.53,34668.98,34643.34,34668.98,1.53139
2024-01-02T16:37:00,34668.98,34685.52,34657.56,34663.17,0.60860
2024-01-02T16:38:00,34663.17,34675.32,34656.27,34662.26,1.15710
2024-01-02T16:39:00,34662.26,34674.60,34658.37,34669.06,1.72219
2024-01-02T16:40:00,34669.06,34687.25,34653.85,34685.04,1.46642
2024-01-02T16:41:00,34685.04,34702.44,34662.95,34702.44,0.48864
2024-01-02T16:42:00,34702.44,34723.74,34688.12,34691.53,0.95436
2024-01-02T16:43:00,34691.53,34710.77,34671.87,34679.39,0.69730
2024-01-02T16:44:00,34679.39,34703.60,34660.57,34663.69,2.02951
2024-01-02T16:45:00,34663.69,34670.46,34660.93,34661.49,0.57252
2024-01-02T16:46:00,34661.49,34677.89,34643.07,34647.74,0.91762
2024-01-02T16:47:00,34647.74,34669.70,34628.46,34630.85,1.16933
2024-01-02T16:48:00,34630.85,34648.32,34615.91,34642.54,1.32959
2024-01-02T16:49:00,34642.54,34667.02,34617.25,34659.77,1.21684
2024-01-02T16:50:00,34659.77,34680.41,34640.93,34674.13,1.57273
2024-01-02T16:51:00,34674.13,34694.42,34654.81,34654.81,1.11291
2024-01-02T16:52:00,34654.81,34661.69,34643.04,34661.20,1.82092
2024-01-02T16:53:00,34661.20,34674.90,34654.53,34657.74,1.46493
2024-01-02T16:54:00,34657.74,34670.06,34648.19,34662.85,1.89789
2024-01-02T16:55:00,34662.85,34682.91,34640.62,34681.04,2.29556
2024-01-02T16:56:00,34681.04,34705.52,34664.46,34700.01,1.01891
2024-01-02T16:57:00,34700.01,34720.88,34673.05,34720.88,0.50185
2024-01-02T16:58:00,34720.88,34733.87,34706.22,34724.01,1.02737
2024-01-02T16:59:00,34724.01,34740.73,34706.59,34706.59,1.54458
2024-01-02T17:00:00,34706.59,34720.87,34697.53,34709.06,1.51715
2024-01-02T17:01:00,34709.06,34735.30,34690.30,34725.89,1.04507
2024-01-02T17:02:00,34725.89,34750.43,34703.48,34709.29,0.70246
2024-01-02T17:03:00,34709.29,34711.62,34706.17,34706.17,1.98640
2024-01-02T17:04:00,34706.17,34716.17,34688.92,34712.39,0.95267
2024-01-02T17:05:00,34712.39,34724.89,34701.55,34703.14,1.35311
2024-01-02T17:06:00,34703.14,34711.56,34686.08,34691.43,1.78702
2024-01-02T17:07:00,34691.43,34705.85,34677.30,34677.30,0.74488
2024-01-02T17:08:00,34677.30,34692.71,34662.62,34667.85,0.93903
2024-01-02T17:09:00,34667.85,34688.48,34640.36,34645.31,2.23176
2024-01-02T17:10:00,34645.31,34658.99,34633.01,34658.99,0.88386
2024-01-02T17:11:00,34658.99,34663.76,34650.69,34652.78,1.14669
2024-01-02T17:12:00,34652.78,34672.69,34638.02,34638.02,1.78407
2024-01-02T17:13:00,34638.02,34640.26,34631.71,34639.92,1.55752
2024-01-02T17:14:00,34639.92,34654.40,34626.80,34654.40,0.52993
2024-01-02T17:15:00,34654.40,34675.54,34628.20,34640.26,1.63641
2024-01-02T17:16:00,34640.26,34649.64,34635.22,34643.70,1.16728
2024-01-02T17:17:00,34643.70,34658.60,34626.73,34657.92,1.51915
2024-01-02T17:18:00,34657.92,34682.19,34632.95,34634.31,0.99682
2024-01-02T17:19:00,34634.31,34656.04,34615.88,34651.44,0.30190
2024-01-02T17:20:00,34651.44,34678.53,34628.94,34634.02,0.59059
2024-01-02T17:21:00,34634.02,34655.43,34613.03,34613.03,1.08172
2024-01-02T17:22:00,34613.03,34623.31,34602.08,34605.04,1.23195
2024-01-02T17:23:00,34605.04,34614.24,34594.03,34605.04,1.28889
2024-01-02T17:24:00,34605.04,34620.27,34589.03,34619.76,0.79505
2024-01-02T17:25:00,34619.76,34636.24,34598.72,34608.25,1.19808
2024-01-02T17:26:00,34608.25,34629.83,34592.49,34597.40,1.65844
2024-01-02T17:27:00,34597.40,34605.83,34590.26,34598.63,1.01038
2024-01-02T17:28:00,34598.63,34612.11,34584.20,34609.06,2.09693
2024-01-02T17:29:00,34609.06,34634.05,34592.02,34625.75,1.09368
2024-01-02T17:30:00,34625.75,34646.55,34603.21,34645.39,0.79487
2024-01-02T17:31:00,34645.39,34667.67,34627.95,34627.95,1.66285
2024-01-02T17:32:00,34627.95,34656.11,34602.83,34649.83,1.97677
2024-01-02T17:33:00,34649.83,34671.11,34624.42,34628.94,0.50972
2024-01-02T17:34:00,34628.94,34636.84,34624.74,34630.83,0.07756
2024-01-02T17:35:00,34630.83,34645.81,34621.13,34623.28,1.69672
2024-01-02T17:36:00,34623.28,34644.20,34600.37,34641.86,1.35325
2024-01-02T17:37:00,34641.86,34660.67,34624.23,34624.55,1.40655
2024-01-02T17:38:00,34624.55,34649.43,34601.96,34608.76,1.00362
2024-01-02T17:39:00,34608.76,34622.66,34594.22,34616.87,0.92843
2024-01-02T17:40:00,34616.87,34626.66,34604.16,34608.12,1.13364
2024-01-02T17:41:00,34608.12,34616.40,34596.66,34602.14,1.16037
2024-01-02T17:42:00,34602.14,34613.70,34585.81,34590.12,2.12457
2024-01-02T17:43:00,34590.12,34596.40,34583.32,34590.07,1.61256
2024-01-02T17:44:00,34590.07,34615.30,34567.06,34570.99,0.95765
2024-01-02T17:45:00,34570.99,34586.50,34555.76,34578.18,1.59819
2024-01-02T17:46:00,34578.18,34595.33,34563.88,34590.58,0.91433
2024-01-02T17:47:00,34590.58,34605.53,34568.01,34576.53,0.12799
2024-01-02T17:48:00,34576.53,34582.33,34572.26,34579.28,1.67658
2024-01-02T17:49:00,34579.28,34588.68,34567.23,34572.39,0.70982
2024-01-02T17:50:00,34572.39,34580.61,34564.80,34570.89,1.54451
2024-01-02T17:51:00,34570.89,34576.17,34567.20,34569.41,0.72310
2024-01-02T17:52:00,34569.41,34581.87,34562.90,34576.10,1.86413
2024-01-02T17:53:00,34576.10,34597.04,34564.17,34564.17,0.12615
2024-01-02T17:54:00,34564.17,34575.97,34553.84,34567.15,1.80357
2024-01-02T17:55:00,34567.15,34571.74,34562.88,34568.79,1.19366
2024-01-02T17:56:00,34568.79,34581.51,34557.58,34558.82,0.84344
2024-01-02T17:57:00,34558.82,34570.07,34546.72,34561.14,1.55919
2024-01-02T17:58:00,34561.14,34573.50,34555.32,34559.05,1.32307
2024-01-02T17:59:00,34559.05,34574.59,34546.65,34547.88,0.91990
2024-01-02T18:00:00,34547.88,34571.86,34522.20,34567.54,0.94368
2024-01-02T18:01:00,34567.54,34580.99,34557.26,34557.26,1.33906
2024-01-02T18:02:00,34557.26,34565.99,34542.12,34563.83,1.69671
2024-01-02T18:03:00,34563.83,34582.24,34552.28,34573.38,1.33526
2024-01-02T18:04:00,34573.38,34593.74,34557.72,34587.04,0.82857
2024-01-02T18:05:00,34587.04,34602.88,34575.42,34592.02,1.07087
2024-01-02T18:06:00,34592.02,34614.76,34575.82,34575.82,1.49108
2024-01-02T18:07:00,34575.82,34596.81,34562.27,34583.87,1.73372
2024-01-02T18:08:00,34583.87,34601.85,34569.51,34591.39,1.17616
2024-01-02T18:09:00,34591.39,34611.03,34570.73,34606.40,1.42762
2024-01-02T18:10:00,34606.40,34630.04,34578.99,34587.98,0.92425
2024-01-02T18:11:00,34587.98,34614.77,34566.59,34573.73,0.94047
2024-01-02T18:12:00,34573.73,34592.39,34551.49,34586.32,1.55456
2024-01-02T18:13:00,34586.32,34592.94,34578.82,34585.66,1.08409
2024-01-02T18:14:00,34585.66,34588.72,34583.31,34583.62,1.71786
2024-01-02T18:15:00,34583.62,34593.14,34569.91,34574.11,2.42947
2024-01-02T18:16:00,34574.11,34579.21,34561.98,34568.75,1.21036
2024-01-02T18:17:00,34568.75,34577.75,34553.45,34558.51,1.52556
2024-01-02T18:18:00,34558.51,34573.20,34542.04,34548.09,1.57589
2024-01-02T18:19:00,34548.09,34563.14,34531.11,34563.14,1.58933
2024-01-02T18:20:00,34563.14,34570.14,34548.70,34558.26,1.27813
2024-01-02T18:21:00,34558.26,34575.63,34534.50,34544.37,1.74339
2024-01-02T18:22:00,34544.37,34555.74,34536.97,34542.82,1.62998
2024-01-02T18:23:00,34542.82,34552.24,34537.27,34546.10,1.61820
2024-01-02T18:24:00,34546.10,34552.70,34542.53,34545.57,1.46086
2024-01-02T18:25:00,34545.57,34557.70,34535.45,34552.09,0.84567
2024-01-02T18:26:00,34552.09,34563.32,34541.70,34541.70,1.11538
2024-01-02T18:27:00,34541.70,34553.32,34529.01,34541.45,0.80158
2024-01-02T18:28:00,34541.45,34556.46,34519.94,34528.37,0.89311
2024-01-02T18:29:00,34528.37,34537.22,34513.54,34533.26,1.61451
2024-01-02T18:30:00,34533.26,34539.56,34518.98,34539.56,1.16653
2024-01-02T18:31:00,34539.56,34559.94,34518.13,34519.97,1.06026
2024-01-02T18:32:00,34519.97,34544.78,34499.74,34504.93,0.48188
2024-01-02T18:33:00,34504.93,34521.59,34491.63,34491.63,0.86117
2024-01-02T18:34:00,34491.63,34507.87,34477.83,34507.87,1.07839
2024-01-02T18:35:00,34507.87,34526.00,34495.54,34501.79,1.10272
2024-01-02T18:36:00,34501.79,34518.72,34487.87,34514.25,1.39291
2024-01-02T18:37:00,34514.25,34534.89,34488.54,34499.76,0.84244
2024-01-02T18:38:00,34499.76,34515.58,34485.69,34504.85,1.03109
2024-01-02T18:39:00,34504.85,34506.60,34496.75,34500.76,0.69892
2024-01-02T18:40:00,34500.76,34511.48,34487.18,34511.48,0.79314
2024-01-02T18:41:00,34511.48,34525.07,34497.35,34498.48,0.72353
2024-01-02T18:42:00,34498.48,34513.13,34484.20,34488.28,1.23133
2024-01-02T18:43:00,34488.28,34494.00,34483.09,34489.93,1.80101
2024-01-02T18:44:00,34489.93,34507.59,34467.45,34476.09,1.22010
2024-01-02T18:45:00,34476.09,34487.36,34461.77,34486.06,0.89621
2024-01-02T18:46:00,34486.06,34505.09,34468.58,34468.58,1.13611
2024-01-02T18:47:00,34468.58,34477.77,34457.27,34476.33,1.52510
2024-01-02T18:48:00,34476.33,34482.53,34470.74,34475.77,1.20059
2024-01-02T18:49:00,34475.77,34490.09,34465.99,34484.34,0.99059
2024-01-02T18:50:00,34484.34,34492.40,34481.63,34485.91,0.76746
2024-01-02T18:51:00,34485.91,34505.83,34466.04,34499.70,0.64593
2024-01-02T18:52:00,34499.70,34526.99,34477.85,34477.85,0.57496
2024-01-02T18:53:00,34477.85,34502.76,34452.48,34497.34,0.46255
2024-01-02T18:54:00,34497.34,34512.53,34487.20,34489.09,0.74452
2024-01-02T18:55:00,34489.09,34502.76,34470.17,34502.76,1.04841
2024-01-02T18:56:00,34502.76,34524.60,34480.52,34515.49,0.90729
2024-01-02T18:57:00,34515.49,34524.31,34500.60,34504.11,1.20086
2024-01-02T18:58:00,34504.11,34507.28,34501.44,34501.44,1.49109
2024-01-02T18:59:00,34501.44,34529.88,34473.68,34480.81,1.94635
2024-01-02T19:00:00,34480.81,34494.62,34467.93,34470.52,0.51368
2024-01-02T19:01:00,34470.52,34485.21,34454.52,34483.00,1.47827
2024-01-02T19:02:00,34483.00,34487.49,34479.61,34483.77,0.09155
2024-01-02T19:03:00,34483.77,34509.86,34457.80,34501.32,1.52751
2024-01-02T19:04:00,34501.32,34520.53,34482.78,34511.73,0.08571
2024-01-02T19:05:00,34511.73,34515.50,34507.53,34514.81,0.66600
2024-01-02T19:06:00,34514.81,34540.49,34491.45,34491.78,0.94280
2024-01-02T19:07:00,34491.78,34500.31,34482.90,34493.97,0.79200
2024-01-02T19:08:00,34493.97,34518.30,34473.06,34474.67,1.44770
2024-01-02T19:09:00,34474.67,34493.38,34453.57,34459.01,0.90877
2024-01-02T19:10:00,34459.01,34471.07,34442.94,34448.95,1.64832
2024-01-02T19:11:00,34448.95,34474.65,34426.39,34434.04,1.44730
2024-01-02T19:12:00,34434.04,34454.22,34416.54,34440.33,1.44086
2024-01-02T19:13:00,34440.33,34459.11,34419.43,34423.55,0.76325
2024-01-02T19:14:00,34423.55,34436.97,34408.78,34429.75,0.91283
2024-01-02T19:15:00,34429.75,34442.01,34412.86,34422.96,1.00666
2024-01-02T19:16:00,34422.96,34447.02,34399.37,34434.52,1.18689
2024-01-02T19:17:00,34434.52,34453.33,34422.75,34443.80,0.74322
2024-01-02T19:18:00,34443.80,34460.51,34433.87,34454.33,1.71119
2024-01-02T19:19:00,34454.33,34475.70,34435.45,34463.99,1.56966
2024-01-02T19:20:00,34463.99,34484.65,34445.91,34447.86,1.43978
2024-01-02T19:21:00,34447.86,34465.43,34432.93,34461.76,1.23176
2024-01-02T19:22:00,34461.76,34475.28,34451.60,34458.88,1.63578
2024-01-02T19:23:00,34458.88,34479.84,34434.42,34443.17,0.06168
2024-01-02T19:24:00,34443.17,34457.01,34422.96,34456.98,0.75638
2024-01-02T19:25:00,34456.98,34474.58,34434.58,34444.42,1.55511
2024-01-02T19:26:00,34444.42,34463.55,34418.51,34428.35,1.49356
2024-01-02T19:27:00,34428.35,34439.68,34418.91,34421.32,1.28261
2024-01-02T19:28:00,34421.32,34444.42,34401.36,34401.36,1.35183
2024-01-02T19:29:00,34401.36,34418.25,34384.46,34387.19,1.18699
2024-01-02T19:30:00,34387.19,34401.99,34368.10,34382.59,1.82658
2024-01-02T19:31:00,34382.59,34401.17,34365.43,34394.78,1.33639
2024-01-02T19:32:00,34394.78,34408.21,34380.57,34393.68,1.02199
2024-01-02T19:33:00,34393.68,34409.30,34376.79,34402.72,0.81333
2024-01-02T19:34:00,34402.72,34405.35,34397.32,34402.98,1.77152
2024-01-02T19:35:00,34402.98,34410.64,34394.18,34394.18,1.15835
2024-01-02T19:36:00,34394.18,34418.42,34370.01,34375.16,1.10164
2024-01-02T19:37:00,34375.16,34395.59,34350.54,34358.32,1.48782
2024-01-02T19:38:00,34358.32,34385.03,34334.99,34371.62,1.48530
2024-01-02T19:39:00,34371.62,34398.86,34347.84,34394.80,1.79408
2024-01-02T19:40:00,34394.80,34421.08,34374.75,34375.09,1.49669
2024-01-02T19:41:00,34375.09,34386.55,34361.81,34362.81,1.24331
2024-01-02T19:42:00,34362.81,34373.41,34356.73,34369.27,1.85971
2024-01-02T19:43:00,34369.27,34394.85,34349.03,34349.03,1.04442
2024-01-02T19:44:00,34349.03,34370.25,34330.15,34340.78,1.30457
2024-01-02T19:45:00,34340.78,34354.81,34324.02,34349.13,1.63230
2024-01-02T19:46:00,34349.13,34367.29,34325.17,34329.78,0.52555
2024-01-02T19:47:00,34329.78,34339.63,34310.80,34320.70,1.22391
2024-01-02T19:48:00,34320.70,34346.34,34293.96,34338.49,1.44260
2024-01-02T19:49:00,34338.49,34353.68,34316.06,34323.43,1.36144
2024-01-02T19:50:00,34323.43,34330.53,34315.31,34325.99,0.80022
2024-01-02T19:51:00,34325.99,34343.31,34308.55,34314.40,1.91819
2024-01-02T19:52:00,34314.40,34329.83,34300.71,34325.53,1.44780
2024-01-02T19:53:00,34325.53,34351.73,34298.15,34304.52,1.10358
2024-01-02T19:54:00,34304.52,34331.67,34284.04,34319.38,1.31719
2024-01-02T19:55:00,34319.38,34321.27,34309.91,34318.11,1.33150
2024-01-02T19:56:00,34318.11,34339.52,34294.87,34300.71,2.05322
2024-01-02T19:57:00,34300.71,34315.99,34284.05,34288.85,1.35745
2024-01-02T19:58:00,34288.85,34304.11,34267.79,34296.95,1.18083
2024-01-02T19:59:00,34296.95,34311.41,34290.53,34303.41,1.01705
2024-01-02T20:00:00,34303.41,34316.46,34293.54,34297.05,1.19527
2024-01-02T20:01:00,34297.05,34301.73,34286.81,34295.83,1.59000
2024-01-02T20:02:00,34295.83,34306.06,34282.07,34284.33,1.85778
2024-01-02T20:03:00,34284.33,34301.87,34272.20,34273.34,0.43540
2024-01-02T20:04:00,34273.34,34275.53,34265.93,34273.74,0.57053
2024-01-02T20:05:00,34273.74,34297.89,34254.82,34291.85,1.39128
2024-01-02T20:06:00,34291.85,34315.02,34267.37,34304.36,1.44034
2024-01-02T20:07:00,34304.36,34332.45,34283.88,34325.69,1.23717
2024-01-02T20:08:00,34325.69,34348.62,34308.69,34308.69,1.89193
2024-01-02T20:09:00,34308.69,34324.30,34291.07,34324.30,0.81109
2024-01-02T20:10:00,34324.30,34336.93,34314.41,34331.18,1.27934
2024-01-02T20:11:00,34331.18,34359.60,34310.35,34350.69,1.26143
2024-01-02T20:12:00,34350.69,34367.05,34329.27,34332.60,1.15639
2024-01-02T20:13:00,34332.60,34353.07,34307.91,34315.59,0.61229
2024-01-02T20:14:00,34315.59,34335.82,34296.88,34301.92,1.37310
2024-01-02T20:15:00,34301.92,34324.26,34280.60,34285.25,1.55177
2024-01-02T20:16:00,34285.25,34297.62,34273.22,34280.19,0.47018
2024-01-02T20:17:00,34280.19,34306.66,34256.90,34297.67,0.96888
2024-01-02T20:18:00,34297.67,34304.77,34290.58,34293.53,2.31449
2024-01-02T20:19:00,34293.53,34322.59,34271.20,34274.85,2.60104
2024-01-02T20:20:00,34274.85,34281.76,34268.77,34273.36,1.43162
2024-01-02T20:21:00,34273.36,34294.63,34248.88,34255.83,0.13127
2024-01-02T20:22:00,34255.83,34263.22,34241.00,34251.99,0.53158
2024-01-02T20:23:00,34251.99,34278.08,34224.77,34270.57,1.15740
2024-01-02T20:24:00,34270.57,34284.32,34255.96,34280.83,0.89172
2024-01-02T20:25:00,34280.83,34288.68,34276.46,34286.64,1.83293
2024-01-02T20:26:00,34286.64,34292.93,34280.80,34282.78,1.91817
2024-01-02T20:27:00,34282.78,34289.21,34273.50,34281.32,2.09170
2024-01-02T20:28:00,34281.32,34299.03,34261.81,34271.49,1.99095
2024-01-02T20:29:00,34271.49,34298.08,34245.04,34249.45,0.57867
2024-01-02T20:30:00,34249.45,34264.32,34232.04,34238.63,0.65587
2024-01-02T20:31:00,34238.63,34265.08,34215.20,34221.65,1.12656
2024-01-02T20:32:00,34221.65,34230.10,34219.28,34222.58,0.79351
2024-01-02T20:33:00,34222.58,34236.48,34208.28,34208.28,1.64997
2024-01-02T20:34:00,34208.28,34220.82,34194.53,34198.49,1.13189
2024-01-02T20:35:00,34198.49,34209.73,34181.80,34191.76,1.63721
2024-01-02T20:36:00,34191.76,34211.61,34173.64,34178.54,1.72010
2024-01-02T20:37:00,34178.54,34186.80,34169.15,34174.71,1.34721
2024-01-02T20:38:00,34174.71,34190.99,34156.49,34190.99,1.67813
2024-01-02T20:39:00,34190.99,34206.13,34179.22,34195.18,2.44425
2024-01-02T20:40:00,34195.18,34210.68,34179.97,34209.43,1.20503
2024-01-02T20:41:00,34209.43,34217.77,34197.33,34212.29,1.08626
2024-01-02T20:42:00,34212.29,34217.75,34206.32,34211.35,1.53681
2024-01-02T20:43:00,34211.35,34221.38,34194.94,34221.38,0.53557
2024-01-02T20:44:00,34221.38,34233.33,34208.40,34227.92,1.29527
2024-01-02T20:45:00,34227.92,34250.03,34210.90,34213.26,0.98893
2024-01-02T20:46:00,34213.26,34222.25,34197.91,34220.88,0.32912
2024-01-02T20:47:00,34220.88,34235.01,34204.86,34233.74,0.30932
2024-01-02T20:48:00,34233.74,34256.24,34211.35,34212.11,1.16877
2024-01-02T20:49:00,34212.11,34218.54,34209.37,34212.38,2.18898
2024-01-02T20:50:00,34212.38,34235.62,34195.14,34224.07,1.78741
2024-01-02T20:51:00,34224.07,34234.01,34213.19,34217.68,1.39950
2024-01-02T20:52:00,34217.68,34238.93,34200.06,34225.25,0.95754
2024-01-02T20:53:00,34225.25,34232.13,34218.87,34224.57,1.76746
2024-01-02T20:54:00,34224.57,34240.93,34210.31,34215.78,1.69767
2024-01-02T20:55:00,34215.78,34235.24,34194.26,34226.39,0.98411
2024-01-02T20:56:00,34226.39,34246.86,34210.08,34245.12,0.36725
2024-01-02T20:57:00,34245.12,34251.94,34242.10,34242.16,0.86386
2024-01-02T20:58:00,34242.16,34264.87,34226.56,34251.70,1.92353
2024-01-02T20:59:00,34251.70,34276.32,34231.09,34273.79,1.69328
2024-01-02T21:00:00,34273.79,34281.79,34259.40,34276.64,1.41476
2024-01-02T21:01:00,34276.64,34290.53,34260.35,34262.49,0.84266
2024-01-02T21:02:00,34262.49,34287.38,34244.50,34281.96,1.69449
2024-01-02T21:03:00,34281.96,34307.05,34261.05,34263.74,1.13784
2024-01-02T21:04:00,34263.74,34287.28,34243.18,34249.27,1.90674
2024-01-02T21:05:00,34249.27,34274.35,34224.76,34234.42,1.81814
2024-01-02T21:06:00,34234.42,34250.29,34221.08,34230.35,1.68028
2024-01-02T21:07:00,34230.35,34250.31,34214.90,34241.30,1.51761
2024-01-02T21:08:00,34241.30,34258.91,34229.88,34236.40,1.86179
2024-01-02T21:09:00,34236.40,34264.53,34211.14,34250.59,1.33663
2024-01-02T21:10:00,34250.59,34259.74,34236.49,34240.70,1.29882
2024-01-02T21:11:00,34240.70,34258.88,34217.97,34226.36,0.79096
2024-01-02T21:12:00,34226.36,34230.52,34217.40,34226.16,1.03936
2024-01-02T21:13:00,34226.16,34233.02,34216.41,34225.92,0.98797
2024-01-02T21:14:00,34225.92,34242.44,34204.28,34216.44,0.91812
2024-01-02T21:15:00,34216.44,34233.85,34195.24,34200.56,1.23517
2024-01-02T21:16:00,34200.56,34217.50,34179.91,34185.33,0.97757
2024-01-02T21:17:00,34185.33,34190.45,34179.08,34185.19,1.44631
2024-01-02T21:18:00,34185.19,34185.42,34175.69,34185.15,1.36579
2024-01-02T21:19:00,34185.15,34200.21,34176.05,34190.35,0.57153
2024-01-02T21:20:00,34190.35,34214.29,34168.67,34175.49,1.76714
2024-01-02T21:21:00,34175.49,34193.97,34157.74,34160.47,1.53217
2024-01-02T21:22:00,34160.47,34180.47,34149.89,34151.48,0.87194
2024-01-02T21:23:00,34151.48,34162.42,34135.96,34140.27,0.34261
2024-01-02T21:24:00,34140.27,34161.96,34121.78,34155.33,1.12322
2024-01-02T21:25:00,34155.33,34170.69,34139.40,34139.40,0.45036
2024-01-02T21:26:00,34139.40,34156.13,34124.73,34132.44,0.33099
2024-01-02T21:27:00,34132.44,34155.13,34114.13,34150.02,1.21459
2024-01-02T21:28:00,34150.02,34164.77,34129.01,34162.34,1.88055
2024-01-02T21:29:00,34162.34,34170.60,34147.14,34170.60,2.30629
2024-01-02T21:30:00,34170.60,34195.11,34146.38,34187.69,0.34226
2024-01-02T21:31:00,34187.69,34202.06,34166.70,34199.38,1.56913
2024-01-02T21:32:00,34199.38,34226.91,34173.67,34214.74,1.39156
2024-01-02T21:33:00,34214.74,34229.19,34197.74,34206.74,0.89122
2024-01-02T21:34:00,34206.74,34218.08,34191.49,34217.09,0.71186
2024-01-02T21:35:00,34217.09,34230.99,34197.54,34230.99,0.11241
2024-01-02T21:36:00,34230.99,34245.77,34216.65,34219.62,1.10942
2024-01-02T21:37:00,34219.62,34239.39,34198.00,34203.62,1.20624
2024-01-02T21:38:00,34203.62,34213.74,34188.59,34198.23,1.14386
2024-01-02T21:39:00,34198.23,34211.81,34182.46,34192.14,1.40711
2024-01-02T21:40:00,34192.14,34207.73,34168.74,34173.81,1.03078
2024-01-02T21:41:00,34173.81,34188.22,34162.21,34172.25,2.44617
2024-01-02T21:42:00,34172.25,34186.03,34162.95,34172.91,1.54990
2024-01-02T21:43:00,34172.91,34186.42,34157.64,34163.84,2.07487
2024-01-02T21:44:00,34163.84,34168.17,34158.50,34158.50,0.25846
2024-01-02T21:45:00,34158.50,34168.35,34149.01,34160.72,0.87647
2024-01-02T21:46:00,34160.72,34182.13,34134.18,34142.38,0.82559
2024-01-02T21:47:00,34142.38,34154.11,34128.34,34137.39,0.60037
2024-01-02T21:48:00,34137.39,34143.41,34123.59,34133.78,0.69022
2024-01-02T21:49:00,34133.78,34151.11,34116.24,34139.17,1.00769
2024-01-02T21:50:00,34139.17,34155.69,34123.26,34128.62,0.64105
2024-01-02T21:51:00,34128.62,34154.23,34104.08,34108.30,0.85724
2024-01-02T21:52:00,34108.30,34124.24,34093.59,34123.58,0.66317
2024-01-02T21:53:00,34123.58,34140.27,34109.42,34132.55,0.47272
2024-01-02T21:54:00,34132.55,34147.20,34115.39,34126.58,1.04253
2024-01-02T21:55:00,34126.58,34128.84,34118.56,34123.93,1.42483
2024-01-02T21:56:00,34123.93,34134.43,34112.58,34121.08,1.51280
2024-01-02T21:57:00,34121.08,34130.68,34110.25,34112.84,1.12412
2024-01-02T21:58:00,34112.84,34132.44,34093.32,34101.81,1.16431
2024-01-02T21:59:00,34101.81,34126.53,34079.09,34120.95,1.53584
2024-01-02T22:00:00,34120.95,34135.93,34108.84,34114.13,0.80017
2024-01-02T22:01:00,34114.13,34132.28,34099.85,34103.02,0.46612
2024-01-02T22:02:00,34103.02,34115.95,34097.40,34111.50,0.77303
2024-01-02T22:03:00,34111.50,34131.53,34093.20,34129.58,1.01052
2024-01-02T22:04:00,34129.58,34143.86,34111.35,34135.84,0.94806
2024-01-02T22:05:00,34135.84,34161.46,34109.41,34153.48,1.87381
2024-01-02T22:06:00,34153.48,34174.51,34131.94,34174.15,1.01206
2024-01-02T22:07:00,34174.15,34194.23,34152.59,34193.03,1.45964
2024-01-02T22:08:00,34193.03,34208.35,34174.24,34178.40,1.64359
2024-01-02T22:09:00,34178.40,34187.25,34172.54,34184.96,0.60480
2024-01-02T22:10:00,34184.96,34198.01,34166.70,34198.01,0.13087
2024-01-02T22:11:00,34198.01,34222.17,34175.57,34217.75,1.19617
2024-01-02T22:12:00,34217.75,34239.53,34196.87,34200.75,1.82005
2024-01-02T22:13:00,34200.75,34215.85,34185.54,34209.66,1.47908
2024-01-02T22:14:00,34209.66,34224.72,34199.02,34218.69,2.05841
2024-01-02T22:15:00,34218.69,34231.98,34210.31,34210.31,1.61840
2024-01-02T22:16:00,34210.31,34233.49,34184.60,34188.07,1.31310
2024-01-02T22:17:00,34188.07,34202.49,34173.74,34177.73,0.98603
2024-01-02T22:18:00,34177.73,34191.11,34158.05,34169.53,1.07893
2024-01-02T22:19:00,34169.53,34185.70,34154.17,34176.29,1.17128
2024-01-02T22:20:00,34176.29,34187.34,34167.09,34181.61,0.89611
2024-01-02T22:21:00,34181.61,34204.36,34157.29,34194.61,1.01046
2024-01-02T22:22:00,34194.61,34218.84,34173.82,34213.60,0.87772
2024-01-02T22:23:00,34213.60,34217.31,34207.76,34209.61,0.48422
2024-01-02T22:24:00,34209.61,34227.01,34192.99,34194.36,1.10515
2024-01-02T22:25:00,34194.36,34210.75,34175.25,34187.46,0.88293
2024-01-02T22:26:00,34187.46,34212.62,34162.33,34201.02,1.22227
2024-01-02T22:27:00,34201.02,34221.86,34183.84,34214.11,1.27781
2024-01-02T22:28:00,34214.11,34237.48,34197.60,34197.60,1.41222
2024-01-02T22:29:00,34197.60,34218.11,34180.62,34209.63,1.61763
2024-01-02T22:30:00,34209.63,34228.19,34185.88,34199.90,1.35779
2024-01-02T22:31:00,34199.90,34213.87,34181.39,34212.86,0.65368
2024-01-02T22:32:00,34212.86,34224.70,34192.14,34203.33,2.52152
2024-01-02T22:33:00,34203.33,34209.70,34192.68,34204.21,0.72715
2024-01-02T22:34:00,34204.21,34221.00,34183.71,34188.36,2.14020
2024-01-02T22:35:00,34188.36,34200.23,34168.02,34200.14,1.25396
2024-01-02T22:36:00,34200.14,34223.55,34174.13,34182.82,0.98281
2024-01-02T22:37:00,34182.82,34196.91,34171.52,34173.47,0.93925
2024-01-02T22:38:00,34173.47,34192.99,34152.67,34159.89,1.05633
2024-01-02T22:39:00,34159.89,34177.72,34137.88,34141.59,0.68141
2024-01-02T22:40:00,34141.59,34150.90,34128.18,34150.43,0.92787
2024-01-02T22:41:00,34150.43,34167.42,34131.68,34167.42,1.24888
2024-01-02T22:42:00,34167.42,34186.15,34148.33,34157.90,1.19263
2024-01-02T22:43:00,34157.90,34182.18,34141.27,34141.27,1.06047
2024-01-02T22:44:00,34141.27,34153.85,34124.17,34135.20,0.47759
2024-01-02T22:45:00,34135.20,34144.86,34118.14,34121.75,0.34180
2024-01-02T22:46:00,34121.75,34142.55,34094.76,34137.31,0.96423
2024-01-02T22:47:00,34137.31,34157.95,34125.81,34152.30,1.18200
2024-01-02T22:48:00,34152.30,34159.56,34143.87,34155.48,1.26152
2024-01-02T22:49:00,34155.48,34176.22,34133.68,34133.68,1.00865
2024-01-02T22:50:00,34133.68,34151.78,34115.77,34143.06,1.72143
2024-01-02T22:51:00,34143.06,34155.88,34121.58,34131.81,1.70310
2024-01-02T22:52:00,34131.81,34145.01,34117.41,34129.39,1.58472
2024-01-02T22:53:00,34129.39,34138.76,34115.44,34126.29,1.48478
2024-01-02T22:54:00,34126.29,34137.79,34114.40,34137.79,0.70707
2024-01-02T22:55:00,34137.79,34145.67,34129.53,34140.18,0.84768
2024-01-02T22:56:00,34140.18,34158.61,34122.50,34151.65,1.94175
2024-01-02T22:57:00,34151.65,34174.43,34135.85,34170.08,1.34450
2024-01-02T22:58:00,34170.08,34174.93,34164.74,34166.23,1.09947
2024-01-02T22:59:00,34166.23,34175.06,34154.62,34166.57,1.39912
2024-01-02T23:00:00,34166.57,34187.57,34150.36,34177.54,1.11235
2024-01-02T23:01:00,34177.54,34197.52,34163.48,34169.48,1.25377
2024-01-02T23:02:00,34169.48,34188.42,34153.16,34176.52,1.39802
2024-01-02T23:03:00,34176.52,34186.97,34161.79,34178.21,0.81401
2024-01-02T23:04:00,34178.21,34184.83,34167.60,34178.52,1.85549
2024-01-02T23:05:00,34178.52,34199.35,34156.95,34199.35,0.80554
2024-01-02T23:06:00,34199.35,34225.96,34169.99,34176.65,0.49514
2024-01-02T23:07:00,34176.65,34191.81,34166.54,34181.85,1.48941
2024-01-02T23:08:00,34181.85,34202.84,34160.36,34167.60,0.78450
2024-01-02T23:09:00,34167.60,34180.79,34158.32,34169.49,0.67604
2024-01-02T23:10:00,34169.49,34190.42,34150.74,34150.74,0.12022
2024-01-02T23:11:00,34150.74,34165.94,34141.46,34154.24,1.25234
2024-01-02T23:12:00,34154.24,34169.01,34141.92,34148.65,2.16034
2024-01-02T23:13:00,34148.65,34155.26,34134.06,34139.61,1.85127
2024-01-02T23:14:00,34139.61,34160.52,34122.63,34148.91,1.59959
2024-01-02T23:15:00,34148.91,34168.45,34128.62,34132.03,2.20830
2024-01-02T23:16:00,34132.03,34156.11,34113.95,34119.30,0.87804
2024-01-02T23:17:00,34119.30,34145.24,34100.59,34106.53,1.04944
2024-01-02T23:18:00,34106.53,34113.36,34093.19,34098.59,0.79413
2024-01-02T23:19:00,34098.59,34122.09,34080.19,34081.85,1.65326
2024-01-02T23:20:00,34081.85,34094.38,34069.07,34091.29,0.72525
2024-01-02T23:21:00,34091.29,34092.92,34083.52,34092.92,1.73612
2024-01-02T23:22:00,34092.92,34107.91,34081.16,34081.91,1.14689
2024-01-02T23:23:00,34081.91,34098.94,34064.32,34066.03,0.98462
2024-01-02T23:24:00,34066.03,34084.91,34046.07,34055.12,1.01868
2024-01-02T23:25:00,34055.12,34071.86,34035.32,34048.65,1.13499
2024-01-02T23:26:00,34048.65,34072.40,34029.08,34060.36,1.67818
2024-01-02T23:27:00,34060.36,34074.52,34039.61,34048.46,2.07826
2024-01-02T23:28:00,34048.46,34062.25,34036.03,34054.77,0.95375
2024-01-02T23:29:00,34054.77,34074.80,34037.76,34037.76,0.79568
2024-01-02T23:30:00,34037.76,34044.12,34026.94,34044.12,0.84473
2024-01-02T23:31:00,34044.12,34050.67,34042.63,34047.12,1.11559
2024-01-02T23:32:00,34047.12,34073.52,34025.62,34068.97,1.34920
2024-01-02T23:33:00,34068.97,34073.71,34062.88,34068.25,1.52620
2024-01-02T23:34:00,34068.25,34072.60,34058.32,34066.64,1.67076
2024-01-02T23:35:00,34066.64,34083.29,34057.14,34073.58,1.01170
2024-01-02T23:36:00,34073.58,34078.96,34063.19,34075.25,1.39865
2024-01-02T23:37:00,34075.25,34091.74,34061.07,34067.94,2.12638
2024-01-02T23:38:00,34067.94,34078.50,34054.13,34056.04,0.99114
2024-01-02T23:39:00,34056.04,34075.24,34040.34,34068.71,1.41164
2024-01-02T23:40:00,34068.71,34072.56,34063.83,34067.39,1.47536
2024-01-02T23:41:00,34067.39,34087.72,34044.00,34048.44,1.12976
2024-01-02T23:42:00,34048.44,34064.92,34033.29,34036.90,1.76239
2024-01-02T23:43:00,34036.90,34054.00,34013.07,34050.39,0.72499
2024-01-02T23:44:00,34050.39,34069.36,34032.28,34032.28,0.88356
2024-01-02T23:45:00,34032.28,34052.39,34008.97,34050.16,2.46644
2024-01-02T23:46:00,34050.16,34057.47,34041.59,34057.47,0.43032
2024-01-02T23:47:00,34057.47,34075.34,34040.76,34075.34,0.73634
2024-01-02T23:48:00,34075.34,34085.08,34069.98,34075.52,0.79355
2024-01-02T23:49:00,34075.52,34090.03,34062.18,34082.34,1.65368
2024-01-02T23:50:00,34082.34,34089.32,34070.70,34089.32,1.01658
2024-01-02T23:51:00,34089.32,34109.96,34074.20,34075.83,0.50162
2024-01-02T23:52:00,34075.83,34098.24,34047.90,34098.15,1.28947
2024-01-02T23:53:00,34098.15,34111.43,34091.26,34091.26,2.01025
2024-01-02T23:54:00,34091.26,34103.02,34078.50,34078.92,1.02318
2024-01-02T23:55:00,34078.92,34087.98,34072.07,34084.26,1.29607
2024-01-02T23:56:00,34084.26,34091.59,34081.57,34083.51,1.45502
2024-01-02T23:57:00,34083.51,34110.36,34058.59,34103.35,1.60713
2024-01-02T23:58:00,34103.35,34113.51,34087.49,34109.56,1.16638
2024-01-02T23:59:00,34109.56,34122.35,34099.62,34110.58,2.12772
2024-01-03T00:00:00,34110.58,34137.24,34088.46,34088.46,1.50826
2024-01-03T00:01:00,34088.46,34098.60,34077.97,34098.41,1.20920
2024-01-03T00:02:00,34098.41,34119.04,34069.57,34119.04,1.46881
2024-01-03T00:03:00,34119.04,34124.10,34113.36,34117.52,1.56331
2024-01-03T00:04:00,34117.52,34136.94,34098.80,34100.96,1.07146
2024-01-03T00:05:00,34100.96,34116.04,34084.37,34109.51,0.83118
2024-01-03T00:06:00,34109.51,34127.18,34090.81,34127.18,0.60329
2024-01-03T00:07:00,34127.18,34146.02,34115.41,34117.22,1.72451
2024-01-03T00:08:00,34117.22,34137.61,34096.96,34102.18,1.81465
2024-01-03T00:09:00,34102.18,34106.71,34093.76,34100.86,1.60831
2024-01-03T00:10:00,34100.86,34108.81,34091.27,34106.55,1.17996
2024-01-03T00:11:00,34106.55,34118.44,34091.18,34117.44,1.07633
2024-01-03T00:12:00,34117.44,34124.07,34109.74,34123.65,1.18019
2024-01-03T00:13:00,34123.65,34142.87,34105.54,34117.29,1.49190
2024-01-03T00:14:00,34117.29,34132.22,34098.31,34124.62,1.03284
2024-01-03T00:15:00,34124.62,34144.17,34097.27,34110.36,1.06310
2024-01-03T00:16:00,34110.36,34113.09,34103.76,34109.04,0.68325
2024-01-03T00:17:00,34109.04,34111.28,34107.17,34109.08,1.80244
2024-01-03T00:18:00,34109.08,34116.43,34106.21,34106.61,0.41901
2024-01-03T00:19:00,34106.61,34121.89,34086.52,34121.76,1.31417
2024-01-03T00:20:00,34121.76,34131.07,34110.64,34124.29,2.57049
2024-01-03T00:21:00,34124.29,34145.34,34101.72,34138.68,1.52791
2024-01-03T00:22:00,34138.68,34163.65,34117.05,34117.28,1.02539
2024-01-03T00:23:00,34117.28,34138.70,34091.06,34132.17,1.33745
2024-01-03T00:24:00,34132.17,34149.55,34111.11,34119.76,1.35030
2024-01-03T00:25:00,34119.76,34133.74,34107.93,34127.79,1.46981
2024-01-03T00:26:00,34127.79,34149.26,34101.51,34149.26,1.66641
2024-01-03T00:27:00,34149.26,34170.40,34126.35,34169.67,0.87982
2024-01-03T00:28:00,34169.67,34180.97,34150.73,34175.10,1.37646
2024-01-03T00:29:00,34175.10,34189.88,34155.11,34161.50,0.78077
2024-01-03T00:30:00,34161.50,34177.41,34139.88,34174.10,1.39915
2024-01-03T00:31:00,34174.10,34192.72,34161.13,34189.60,1.68098
2024-01-03T00:32:00,34189.60,34203.38,34182.07,34197.35,1.36498
2024-01-03T00:33:00,34197.35,34206.24,34188.20,34188.20,0.84308
2024-01-03T00:34:00,34188.20,34203.22,34170.93,34181.16,1.21314
2024-01-03T00:35:00,34181.16,34207.85,34157.09,34200.49,0.82593
2024-01-03T00:36:00,34200.49,34219.57,34184.16,34216.41,1.61568
2024-01-03T00:37:00,34216.41,34226.40,34201.43,34213.34,1.66317
2024-01-03T00:38:00,34213.34,34237.88,34190.75,34230.27,1.10979
2024-01-03T00:39:00,34230.27,34249.63,34212.07,34247.90,1.07171
2024-01-03T00:40:00,34247.90,34261.33,34233.21,34256.68,1.55943
2024-01-03T00:41:00,34256.68,34277.92,34237.02,34237.02,1.46252
2024-01-03T00:42:00,34237.02,34251.28,34223.35,34249.69,1.61282
2024-01-03T00:43:00,34249.69,34259.68,34235.40,34257.31,1.07743
2024-01-03T00:44:00,34257.31,34270.59,34248.72,34250.65,1.48862
2024-01-03T00:45:00,34250.65,34260.09,34243.36,34247.09,0.66881
2024-01-03T00:46:00,34247.09,34262.18,34234.63,34237.83,1.31440
2024-01-03T00:47:00,34237.83,34248.64,34229.91,34237.39,1.13169
2024-01-03T00:48:00,34237.39,34246.23,34232.88,34235.56,1.17070
2024-01-03T00:49:00,34235.56,34256.73,34219.99,34223.13,0.30101
2024-01-03T00:50:00,34223.13,34233.54,34211.72,34229.81,1.16412
2024-01-03T00:51:00,34229.81,34238.37,34226.51,34236.25,0.88045
2024-01-03T00:52:00,34236.25,34264.21,34214.42,34260.35,0.39948
2024-01-03T00:53:00,34260.35,34284.33,34243.54,34270.33,0.93215
2024-01-03T00:54:00,34270.33,34279.43,34260.68,34270.53,1.78411
2024-01-03T00:55:00,34270.53,34292.82,34252.04,34257.30,0.93682
2024-01-03T00:56:00,34257.30,34271.14,34242.53,34247.35,1.24460
2024-01-03T00:57:00,34247.35,34261.22,34238.59,34238.59,1.22924
2024-01-03T00:58:00,34238.59,34245.28,34228.88,34236.27,0.51385
2024-01-03T00:59:00,34236.27,34253.35,34223.58,34249.63,0.79123
2024-01-03T01:00:00,34249.63,34276.07,34228.20,34262.49,2.00862
2024-01-03T01:01:00,34262.49,34274.20,34249.00,34274.20,1.57825
2024-01-03T01:02:00,34274.20,34283.21,34265.65,34265.65,0.61385
2024-01-03T01:03:00,34265.65,34275.71,34256.93,34256.93,1.57132
2024-01-03T01:04:00,34256.93,34266.13,34244.76,34248.96,1.76878
2024-01-03T01:05:00,34248.96,34268.73,34225.25,34263.20,1.10252
2024-01-03T01:06:00,34263.20,34283.44,34240.30,34249.00,0.87989
2024-01-03T01:07:00,34249.00,34258.84,34241.56,34246.72,1.61758
2024-01-03T01:08:00,34246.72,34258.12,34236.54,34248.17,0.43005
2024-01-03T01:09:00,34248.17,34255.09,34238.69,34245.86,0.38057
2024-01-03T01:10:00,34245.86,34256.72,34232.80,34256.72,1.37018
2024-01-03T01:11:00,34256.72,34273.26,34244.14,34262.83,0.55435
2024-01-03T01:12:00,34262.83,34284.51,34242.13,34245.40,0.94628
2024-01-03T01:13:00,34245.40,34254.52,34241.73,34245.55,1.71208
2024-01-03T01:14:00,34245.55,34267.49,34225.04,34261.59,0.52054
2024-01-03T01:15:00,34261.59,34275.05,34248.39,34256.15,0.64400
2024-01-03T01:16:00,34256.15,34261.03,34246.37,34254.31,1.16137
2024-01-03T01:17:00,34254.31,34274.64,34240.56,34240.56,1.10250
2024-01-03T01:18:00,34240.56,34265.59,34215.67,34226.97,1.79782
2024-01-03T01:19:00,34226.97,34253.10,34205.75,34240.78,0.99297
2024-01-03T01:20:00,34240.78,34254.56,34229.92,34254.43,1.21497
2024-01-03T01:21:00,34254.43,34274.06,34234.11,34268.72,0.52607
2024-01-03T01:22:00,34268.72,34278.17,34258.77,34273.86,0.62216
2024-01-03T01:23:00,34273.86,34302.43,34250.73,34291.55,0.72649
2024-01-03T01:24:00,34291.55,34311.16,34271.73,34283.74,1.34279
2024-01-03T01:25:00,34283.74,34305.02,34269.24,34270.13,1.48067
2024-01-03T01:26:00,34270.13,34281.76,34255.00,34278.12,0.21498
2024-01-03T01:27:00,34278.12,34286.12,34264.64,34285.75,1.50923
2024-01-03T01:28:00,34285.75,34303.77,34267.41,34301.18,1.18251
2024-01-03T01:29:00,34301.18,34318.41,34289.04,34316.24,1.15528
2024-01-03T01:30:00,34316.24,34325.38,34305.52,34311.89,2.40816
2024-01-03T01:31:00,34311.89,34332.22,34290.97,34326.74,0.88935
2024-01-03T01:32:00,34326.74,34350.77,34302.38,34347.80,1.03380
2024-01-03T01:33:00,34347.80,34364.21,34335.91,34361.68,0.79510
2024-01-03T01:34:00,34361.68,34371.36,34360.40,34365.53,1.21240
2024-01-03T01:35:00,34365.53,34385.05,34349.22,34375.25,0.91616
2024-01-03T01:36:00,34375.25,34400.35,34356.88,34390.35,1.96492
2024-01-03T01:37:00,34390.35,34395.24,34380.72,34389.51,1.86325
2024-01-03T01:38:00,34389.51,34412.82,34371.26,34374.95,1.11610
2024-01-03T01:39:00,34374.95,34401.73,34353.89,34392.47,1.67369
2024-01-03T01:40:00,34392.47,34409.37,34371.49,34403.82,1.73805
2024-01-03T01:41:00,34403.82,34420.52,34381.77,34384.10,1.02518
2024-01-03T01:42:00,34384.10,34411.03,34363.26,34405.00,0.92984
2024-01-03T01:43:00,34405.00,34422.38,34391.53,34421.11,1.46506
2024-01-03T01:44:00,34421.11,34441.49,34400.69,34439.03,1.14008
2024-01-03T01:45:00,34439.03,34457.70,34413.57,34452.54,0.74545
2024-01-03T01:46:00,34452.54,34468.47,34438.34,34444.28,0.33397
2024-01-03T01:47:00,34444.28,34456.48,34425.22,34435.41,1.34335
2024-01-03T01:48:00,34435.41,34460.56,34411.24,34457.80,0.98666
2024-01-03T01:49:00,34457.80,34481.17,34433.81,34471.67,1.27902
2024-01-03T01:50:00,34471.67,34482.76,34460.97,34466.81,0.94349
2024-01-03T01:51:00,34466.81,34471.98,34458.31,34462.95,0.61858
2024-01-03T01:52:00,34462.95,34477.77,34446.04,34454.56,1.74661
2024-01-03T01:53:00,34454.56,34469.67,34447.86,34450.09,2.08732
2024-01-03T01:54:00,34450.09,34474.23,34428.27,34464.05,1.27244
2024-01-03T01:55:00,34464.05,34478.31,34445.93,34457.27,1.44687
2024-01-03T01:56:00,34457.27,34469.12,34446.33,34455.39,0.97200
2024-01-03T01:57:00,34455.39,34469.27,34448.75,34464.31,0.78596
2024-01-03T01:58:00,34464.31,34487.27,34444.83,34446.96,1.90153
2024-01-03T01:59:00,34446.96,34462.99,34430.28,34455.50,1.84370
2024-01-03T02:00:00,34455.50,34464.52,34442.71,34464.52,0.95005
2024-01-03T02:01:00,34464.52,34493.20,34438.98,34448.12,1.79811
2024-01-03T02:02:00,34448.12,34469.39,34420.32,34424.66,1.55909
2024-01-03T02:03:00,34424.66,34443.11,34399.78,34438.93,1.03670
2024-01-03T02:04:00,34438.93,34455.13,34421.22,34442.93,1.19064
2024-01-03T02:05:00,34442.93,34463.63,34419.31,34433.79,0.80308
2024-01-03T02:06:00,34433.79,34460.07,34412.43,34455.79,0.75270
2024-01-03T02:07:00,34455.79,34473.21,34438.21,34468.29,1.05072
2024-01-03T02:08:00,34468.29,34473.43,34459.72,34472.58,0.72092
2024-01-03T02:09:00,34472.58,34474.90,34466.61,34471.69,1.00870
2024-01-03T02:10:00,34471.69,34490.20,34459.00,34477.89,0.70986
2024-01-03T02:11:00,34477.89,34486.69,34464.61,34474.65,1.26992
2024-01-03T02:12:00,34474.65,34485.78,34466.72,34469.57,1.38762
2024-01-03T02:13:00,34469.57,34482.79,34458.60,34460.92,1.28757
2024-01-03T02:14:00,34460.92,34463.85,34458.88,34459.46,0.70631
2024-01-03T02:15:00,34459.46,34469.37,34450.76,34463.93,2.17966
2024-01-03T02:16:00,34463.93,34479.40,34443.78,34473.41,0.74849
2024-01-03T02:17:00,34473.41,34496.48,34452.41,34454.19,1.18043
2024-01-03T02:18:00,34454.19,34467.59,34446.50,34465.00,1.55485
2024-01-03T02:19:00,34465.00,34469.95,34454.06,34465.88,1.20796
2024-01-03T02:20:00,34465.88,34479.18,34457.05,34458.28,0.99975
2024-01-03T02:21:00,34458.28,34477.48,34434.61,34448.71,0.70849
2024-01-03T02:22:00,34448.71,34469.60,34430.77,34434.41,0.29087
2024-01-03T02:23:00,34434.41,34450.87,34421.35,34422.50,1.22508
2024-01-03T02:24:00,34422.50,34430.01,34414.87,34422.62,1.35044
2024-01-03T02:25:00,34422.62,34432.36,34410.79,34426.77,1.17743
2024-01-03T02:26:00,34426.77,34433.57,34416.50,34428.76,1.10531
2024-01-03T02:27:00,34428.76,34447.92,34408.72,34447.92,0.80865
2024-01-03T02:28:00,34447.92,34464.07,34424.61,34464.07,1.56667
2024-01-03T02:29:00,34464.07,34471.35,34453.67,34471.35,1.52410
2024-01-03T02:30:00,34471.35,34500.29,34443.63,34494.85,0.07763
2024-01-03T02:31:00,34494.85,34506.28,34487.12,34500.81,0.50514
2024-01-03T02:32:00,34500.81,34505.22,34495.02,34501.00,1.26919
2024-01-03T02:33:00,34501.00,34505.31,34494.25,34497.97,1.59708
2024-01-03T02:34:00,34497.97,34506.95,34489.66,34502.06,0.82391
2024-01-03T02:35:00,34502.06,34522.83,34482.13,34518.10,1.15873
2024-01-03T02:36:00,34518.10,34531.27,34502.44,34523.58,0.75054
2024-01-03T02:37:00,34523.58,34538.87,34508.50,34512.91,1.33973
2024-01-03T02:38:00,34512.91,34530.10,34495.50,34503.61,1.06128
2024-01-03T02:39:00,34503.61,34521.50,34476.43,34486.29,0.82580
2024-01-03T02:40:00,34486.29,34501.15,34477.19,34491.47,1.89166
2024-01-03T02:41:00,34491.47,34504.65,34479.29,34500.83,1.76177
2024-01-03T02:42:00,34500.83,34517.80,34483.67,34508.70,0.81796
2024-01-03T02:43:00,34508.70,34529.25,34486.93,34529.25,1.40620
2024-01-03T02:44:00,34529.25,34551.88,34506.23,34542.63,1.50524
2024-01-03T02:45:00,34542.63,34556.67,34533.22,34536.59,2.00477
2024-01-03T02:46:00,34536.59,34540.61,34528.88,34539.20,1.68093
2024-01-03T02:47:00,34539.20,34556.44,34522.50,34546.53,1.23353
2024-01-03T02:48:00,34546.53,34571.82,34524.41,34524.41,1.87321
2024-01-03T02:49:00,34524.41,34540.82,34510.52,34510.52,0.33587
2024-01-03T02:50:00,34510.52,34523.53,34498.43,34499.76,1.30000
2024-01-03T02:51:00,34499.76,34512.12,34495.25,34501.28,1.62011
2024-01-03T02:52:00,34501.28,34514.10,34485.02,34489.67,2.06682
2024-01-03T02:53:00,34489.67,34509.85,34472.46,34506.95,1.41077
2024-01-03T02:54:00,34506.95,34527.06,34482.88,34491.91,1.54499
2024-01-03T02:55:00,34491.91,34497.47,34484.80,34489.93,0.67236
2024-01-03T02:56:00,34489.93,34493.22,34482.92,34484.67,1.42153
2024-01-03T02:57:00,34484.67,34505.35,34463.23,34466.20,1.20298
2024-01-03T02:58:00,34466.20,34484.10,34456.43,34474.38,0.71824
2024-01-03T02:59:00,34474.38,34497.61,34456.36,34487.19,1.21904
2024-01-03T03:00:00,34487.19,34494.62,34481.75,34494.62,1.03199
2024-01-03T03:01:00,34494.62,34504.16,34485.08,34504.16,1.38031
2024-01-03T03:02:00,34504.16,34520.18,34494.09,34496.72,1.58708
2024-01-03T03:03:00,34496.72,34507.37,34487.80,34506.21,1.82708
2024-01-03T03:04:00,34506.21,34511.67,34497.17,34499.79,1.44054
2024-01-03T03:05:00,34499.79,34512.05,34487.77,34504.06,2.44864
2024-01-03T03:06:00,34504.06,34524.08,34488.39,34492.42,1.65186
2024-01-03T03:07:00,34492.42,34508.70,34473.78,34475.63,1.72014
2024-01-03T03:08:00,34475.63,34477.64,34471.88,34476.75,0.53651
2024-01-03T03:09:00,34476.75,34490.17,34461.13,34490.17,1.00186
2024-01-03T03:10:00,34490.17,34496.48,34483.02,34496.48,1.51855
2024-01-03T03:11:00,34496.48,34512.55,34471.40,34485.46,0.54618
2024-01-03T03:12:00,34485.46,34503.04,34474.56,34497.86,1.11165
2024-01-03T03:13:00,34497.86,34521.77,34475.36,34513.80,1.18844
2024-01-03T03:14:00,34513.80,34537.28,34495.91,34523.55,1.10431
2024-01-03T03:15:00,34523.55,34541.88,34504.84,34504.84,1.35821
2024-01-03T03:16:00,34504.84,34522.75,34487.29,34500.89,0.37094
2024-01-03T03:17:00,34500.89,34517.76,34484.81,34489.41,1.52711
2024-01-03T03:18:00,34489.41,34511.27,34466.94,34476.68,1.68082
2024-01-03T03:19:00,34476.68,34482.68,34473.28,34479.81,1.80800
2024-01-03T03:20:00,34479.81,34496.87,34468.58,34473.01,0.91709
2024-01-03T03:21:00,34473.01,34488.00,34456.60,34461.71,1.41636
2024-01-03T03:22:00,34461.71,34488.10,34434.01,34441.34,1.31564
2024-01-03T03:23:00,34441.34,34454.69,34426.81,34447.17,1.64727
2024-01-03T03:24:00,34447.17,34468.98,34422.56,34460.89,1.11968
2024-01-03T03:25:00,34460.89,34476.15,34442.04,34473.21,0.74013
2024-01-03T03:26:00,34473.21,34480.31,34463.91,34463.91,1.31522
2024-01-03T03:27:00,34463.91,34483.16,34444.42,34473.40,0.83505
2024-01-03T03:28:00,34473.40,34493.11,34454.44,34486.27,1.41330
2024-01-03T03:29:00,34486.27,34495.09,34478.33,34492.32,0.70862
2024-01-03T03:30:00,34492.32,34494.91,34483.27,34491.58,1.38858
2024-01-03T03:31:00,34491.58,34499.43,34483.11,34494.08,1.45587
2024-01-03T03:32:00,34494.08,34494.39,34484.63,34491.22,2.02950
2024-01-03T03:33:00,34491.22,34496.19,34480.61,34492.08,1.40361
2024-01-03T03:34:00,34492.08,34506.89,34476.52,34499.87,1.01780
2024-01-03T03:35:00,34499.87,34507.14,34488.63,34507.14,1.22309
2024-01-03T03:36:00,34507.14,34531.80,34490.68,34490.68,1.52961
2024-01-03T03:37:00,34490.68,34509.73,34471.13,34473.75,1.39232
2024-01-03T03:38:00,34473.75,34486.11,34467.47,34467.47,1.64628
2024-01-03T03:39:00,34467.47,34490.95,34441.84,34448.89,1.22319
2024-01-03T03:40:00,34448.89,34471.54,34421.04,34429.28,1.12570
2024-01-03T03:41:00,34429.28,34451.60,34406.99,34449.88,1.37947
2024-01-03T03:42:00,34449.88,34464.89,34432.58,34464.89,0.58486
2024-01-03T03:43:00,34464.89,34473.03,34460.05,34467.86,1.60293
2024-01-03T03:44:00,34467.86,34486.13,34444.46,34486.13,1.89980
2024-01-03T03:45:00,34486.13,34496.12,34479.54,34489.42,1.25855
2024-01-03T03:46:00,34489.42,34499.97,34474.48,34499.49,1.14240
2024-01-03T03:47:00,34499.49,34507.80,34493.79,34493.79,1.11195
2024-01-03T03:48:00,34493.79,34508.51,34483.92,34501.06,1.28850
2024-01-03T03:49:00,34501.06,34519.67,34491.57,34512.55,0.96853
2024-01-03T03:50:00,34512.55,34521.75,34502.28,34506.45,1.63714
2024-01-03T03:51:00,34506.45,34518.27,34494.10,34495.73,1.62284
2024-01-03T03:52:00,34495.73,34520.95,34468.65,34513.42,1.21349
2024-01-03T03:53:00,34513.42,34533.52,34489.06,34494.83,0.79599
2024-01-03T03:54:00,34494.83,34499.97,34490.92,34492.64,0.14662
2024-01-03T03:55:00,34492.64,34514.14,34472.58,34503.87,1.73357
2024-01-03T03:56:00,34503.87,34509.13,34495.79,34503.75,2.24752
2024-01-03T03:57:00,34503.75,34526.54,34487.92,34487.92,1.63828
2024-01-03T03:58:00,34487.92,34503.02,34471.48,34471.48,1.38989
2024-01-03T03:59:00,34471.48,34485.07,34451.05,34458.43,1.30672
2024-01-03T04:00:00,34458.43,34476.75,34448.03,34450.92,2.18351
2024-01-03T04:01:00,34450.92,34463.23,34446.25,34446.25,1.89201
2024-01-03T04:02:00,34446.25,34461.20,34435.73,34453.96,1.40778
2024-01-03T04:03:00,34453.96,34465.68,34442.48,34446.65,1.69411
2024-01-03T04:04:00,34446.65,34468.19,34427.78,34427.78,0.60890
2024-01-03T04:05:00,34427.78,34440.69,34410.08,34434.30,1.16735
2024-01-03T04:06:00,34434.30,34463.45,34405.63,34451.12,1.47056
2024-01-03T04:07:00,34451.12,34469.43,34431.18,34439.86,0.56750
2024-01-03T04:08:00,34439.86,34458.43,34420.45,34424.20,1.39209
2024-01-03T04:09:00,34424.20,34439.35,34414.61,34432.50,1.72303
2024-01-03T04:10:00,34432.50,34438.91,34424.61,34438.91,0.79263
2024-01-03T04:11:00,34438.91,34451.33,34427.39,34432.92,1.53256
2024-01-03T04:12:00,34432.92,34437.58,34420.64,34437.58,1.46837
2024-01-03T04:13:00,34437.58,34441.36,34428.77,34438.35,0.34228
2024-01-03T04:14:00,34438.35,34464.69,34418.13,34458.77,0.77238
2024-01-03T04:15:00,34458.77,34472.46,34445.06,34455.20,1.26688
2024-01-03T04:16:00,34455.20,34474.07,34439.89,34440.38,1.43191
2024-01-03T04:17:00,34440.38,34457.54,34428.40,34452.55,1.37406
2024-01-03T04:18:00,34452.55,34464.39,34444.53,34444.53,1.14190
2024-01-03T04:19:00,34444.53,34459.00,34420.47,34456.28,1.25462
2024-01-03T04:20:00,34456.28,34467.15,34439.30,34447.22,0.82423
2024-01-03T04:21:00,34447.22,34459.47,34428.79,34442.55,1.19045
2024-01-03T04:22:00,34442.55,34457.78,34420.43,34430.63,0.98790
2024-01-03T04:23:00,34430.63,34448.55,34415.46,34442.14,0.60500
2024-01-03T04:24:00,34442.14,34460.22,34422.00,34431.07,0.28314
2024-01-03T04:25:00,34431.07,34446.83,34409.30,34442.28,0.54099
2024-01-03T04:26:00,34442.28,34465.26,34417.05,34427.82,0.58518
2024-01-03T04:27:00,34427.82,34443.56,34409.11,34437.12,0.19658
2024-01-03T04:28:00,34437.12,34460.81,34419.03,34423.34,1.40400
2024-01-03T04:29:00,34423.34,34441.26,34399.28,34413.74,1.03669
2024-01-03T04:30:00,34413.74,34422.23,34409.83,34416.28,1.29083
2024-01-03T04:31:00,34416.28,34422.99,34410.27,34418.93,1.37685
2024-01-03T04:32:00,34418.93,34430.18,34409.61,34412.85,1.00358
2024-01-03T04:33:00,34412.85,34422.10,34405.43,34409.72,1.74731
2024-01-03T04:34:00,34409.72,34432.94,34389.74,34425.52,1.69276
2024-01-03T04:35:00,34425.52,34448.65,34403.69,34439.84,1.37901
2024-01-03T04:36:00,34439.84,34446.89,34434.01,34444.27,1.77295
2024-01-03T04:37:00,34444.27,34453.29,34438.27,34441.60,1.44999
2024-01-03T04:38:00,34441.60,34454.78,34423.60,34454.78,2.03990
2024-01-03T04:39:00,34454.78,34479.60,34433.84,34440.81,1.12917
2024-01-03T04:40:00,34440.81,34456.33,34421.99,34452.64,0.95896
2024-01-03T04:41:00,34452.64,34462.73,34438.70,34457.97,2.01121
2024-01-03T04:42:00,34457.97,34484.43,34441.14,34474.11,0.43757
2024-01-03T04:43:00,34474.11,34497.64,34449.02,34493.19,0.94021
2024-01-03T04:44:00,34493.19,34501.53,34481.79,34501.53,2.02240
2024-01-03T04:45:00,34501.53,34528.30,34480.38,34481.58,1.52353
2024-01-03T04:46:00,34481.58,34497.81,34464.58,34468.89,0.13715
2024-01-03T04:47:00,34468.89,34482.53,34452.56,34478.91,0.55593
2024-01-03T04:48:00,34478.91,34486.82,34467.17,34475.50,1.28908
2024-01-03T04:49:00,34475.50,34494.03,34464.69,34469.73,1.16178
2024-01-03T04:50:00,34469.73,34483.13,34464.98,34464.98,1.34952
2024-01-03T04:51:00,34464.98,34478.64,34455.90,34460.14,1.42239
2024-01-03T04:52:00,34460.14,34468.63,34451.64,34457.60,2.04685
2024-01-03T04:53:00,34457.60,34477.11,34438.50,34442.74,0.86207
2024-01-03T04:54:00,34442.74,34459.73,34423.75,34458.24,0.75519
2024-01-03T04:55:00,34458.24,34481.92,34434.56,34478.57,2.03654
2024-01-03T04:56:00,34478.57,34483.76,34470.47,34477.60,1.86622
2024-01-03T04:57:00,34477.60,34494.64,34466.07,34470.07,0.38994
2024-01-03T04:58:00,34470.07,34481.71,34456.60,34481.71,0.30102
2024-01-03T04:59:00,34481.71,34498.81,34459.29,34464.71,1.39087
2024-01-03T05:00:00,34464.71,34482.69,34440.97,34443.48,1.21460
2024-01-03T05:01:00,34443.48,34462.92,34428.23,34456.83,1.93791
2024-01-03T05:02:00,34456.83,34474.29,34438.67,34446.83,1.11845
2024-01-03T05:03:00,34446.83,34454.25,34434.84,34439.38,0.95224
2024-01-03T05:04:00,34439.38,34455.00,34426.00,34432.20,0.37825
2024-01-03T05:05:00,34432.20,34455.44,34405.99,34447.34,1.97316
2024-01-03T05:06:00,34447.34,34462.01,34430.00,34434.25,0.19267
2024-01-03T05:07:00,34434.25,34443.39,34424.57,34432.25,1.82942
2024-01-03T05:08:00,34432.25,34454.72,34407.96,34418.80,0.98666
2024-01-03T05:09:00,34418.80,34431.97,34401.18,34414.37,1.76236
2024-01-03T05:10:00,34414.37,34441.06,34395.92,34435.63,0.55450
2024-01-03T05:11:00,34435.63,34439.35,34423.69,34435.36,0.41698
2024-01-03T05:12:00,34435.36,34442.53,34422.80,34430.01,0.91947
2024-01-03T05:13:00,34430.01,34442.90,34408.23,34439.23,1.37531
2024-01-03T05:14:00,34439.23,34449.98,34425.33,34438.69,0.88058
2024-01-03T05:15:00,34438.69,34459.58,34417.15,34422.46,0.84576
2024-01-03T05:16:00,34422.46,34445.27,34398.98,34438.47,1.82028
2024-01-03T05:17:00,34438.47,34442.68,34433.61,34440.12,0.95053
2024-01-03T05:18:00,34440.12,34447.90,34435.90,34435.90,1.44884
2024-01-03T05:19:00,34435.90,34449.56,34416.80,34446.62,1.58764
2024-01-03T05:20:00,34446.62,34448.54,34444.45,34448.54,1.01736
2024-01-03T05:21:00,34448.54,34468.32,34431.11,34465.84,0.74619
2024-01-03T05:22:00,34465.84,34472.45,34454.79,34467.35,1.14168
2024-01-03T05:23:00,34467.35,34478.51,34456.66,34456.66,0.50164
2024-01-03T05:24:00,34456.66,34476.44,34440.56,34472.35,0.59964
2024-01-03T05:25:00,34472.35,34478.55,34458.33,34469.79,0.78734
2024-01-03T05:26:00,34469.79,34472.09,34465.14,34468.39,1.24448
2024-01-03T05:27:00,34468.39,34478.43,34458.99,34464.19,1.13285
2024-01-03T05:28:00,34464.19,34477.89,34446.25,34451.98,1.24347
2024-01-03T05:29:00,34451.98,34468.39,34429.50,34459.70,0.54913
2024-01-03T05:30:00,34459.70,34480.25,34440.73,34477.49,1.06424
2024-01-03T05:31:00,34477.49,34496.41,34461.23,34484.22,1.51355
2024-01-03T05:32:00,34484.22,34499.79,34473.37,34492.66,0.77023
2024-01-03T05:33:00,34492.66,34505.44,34480.51,34495.18,0.46676
2024-01-03T05:34:00,34495.18,34503.87,34491.79,34494.69,1.07616
2024-01-03T05:35:00,34494.69,34506.53,34486.90,34490.94,1.38732
2024-01-03T05:36:00,34490.94,34507.75,34474.65,34474.65,0.80504
2024-01-03T05:37:00,34474.65,34492.85,34451.79,34491.97,1.16268
2024-01-03T05:38:00,34491.97,34503.91,34479.96,34489.55,0.98778
2024-01-03T05:39:00,34489.55,34510.59,34477.25,34480.84,1.58542
2024-01-03T05:40:00,34480.84,34497.48,34470.48,34470.48,1.55542
2024-01-03T05:41:00,34470.48,34488.20,34449.48,34454.72,1.52014
2024-01-03T05:42:00,34454.72,34470.26,34439.68,34445.36,1.97016
2024-01-03T05:43:00,34445.36,34451.12,34441.55,34451.12,0.76386
2024-01-03T05:44:00,34451.12,34464.71,34437.92,34450.79,1.08731
2024-01-03T05:45:00,34450.79,34455.72,34444.39,34453.87,0.84881
2024-01-03T05:46:00,34453.87,34470.43,34431.74,34438.44,1.16485
2024-01-03T05:47:00,34438.44,34448.96,34424.12,34426.15,1.05932
2024-01-03T05:48:00,34426.15,34444.17,34405.75,34434.21,1.37272
2024-01-03T05:49:00,34434.21,34438.78,34429.04,34437.59,2.03310
2024-01-03T05:50:00,34437.59,34452.75,34429.34,34431.81,1.43301
2024-01-03T05:51:00,34431.81,34453.25,34411.85,34441.76,1.10981
2024-01-03T05:52:00,34441.76,34467.93,34416.19,34458.27,0.99483
2024-01-03T05:53:00,34458.27,34477.63,34444.39,34471.33,0.72860
2024-01-03T05:54:00,34471.33,34475.48,34464.74,34465.44,0.99737
2024-01-03T05:55:00,34465.44,34484.06,34441.33,34484.06,1.21369
2024-01-03T05:56:00,34484.06,34509.37,34458.52,34503.39,2.32917
2024-01-03T05:57:00,34503.39,34514.00,34498.18,34498.18,1.31242
2024-01-03T05:58:00,34498.18,34515.53,34479.88,34515.53,1.17795
2024-01-03T05:59:00,34515.53,34536.31,34495.56,34497.70,0.85749
2024-01-03T06:00:00,34497.70,34501.20,34490.04,34490.04,1.43475
2024-01-03T06:01:00,34490.04,34515.51,34471.47,34510.14,1.19667
2024-01-03T06:02:00,34510.14,34511.87,34504.74,34511.87,1.89265
2024-01-03T06:03:00,34511.87,34517.47,34504.08,34510.15,1.95131
2024-01-03T06:04:00,34510.15,34518.06,34502.23,34517.83,1.21984
2024-01-03T06:05:00,34517.83,34525.93,34506.79,34506.79,1.28928
2024-01-03T06:06:00,34506.79,34532.41,34482.98,34525.92,1.22276
2024-01-03T06:07:00,34525.92,34540.63,34510.80,34537.84,0.77694
2024-01-03T06:08:00,34537.84,34559.37,34516.51,34529.33,1.45285
2024-01-03T06:09:00,34529.33,34552.52,34507.11,34516.39,1.43245
2024-01-03T06:10:00,34516.39,34526.24,34509.27,34518.59,0.70493
2024-01-03T06:11:00,34518.59,34530.15,34504.06,34528.08,0.89110
2024-01-03T06:12:00,34528.08,34534.40,34521.46,34524.64,0.27649
2024-01-03T06:13:00,34524.64,34548.24,34504.30,34507.74,2.16587
2024-01-03T06:14:00,34507.74,34513.80,34503.91,34513.80,1.58057
2024-01-03T06:15:00,34513.80,34515.78,34503.48,34515.78,1.04655
2024-01-03T06:16:00,34515.78,34533.12,34497.45,34505.11,0.92278
2024-01-03T06:17:00,34505.11,34525.63,34492.04,34517.98,1.43691
2024-01-03T06:18:00,34517.98,34541.98,34497.12,34533.00,1.17852
2024-01-03T06:19:00,34533.00,34550.09,34511.72,34549.68,1.01272
2024-01-03T06:20:00,34549.68,34560.23,34540.81,34551.84,1.92949
2024-01-03T06:21:00,34551.84,34570.40,34530.98,34534.96,0.84927
2024-01-03T06:22:00,34534.96,34539.19,34525.34,34530.85,2.35734
2024-01-03T06:23:00,34530.85,34538.86,34519.84,34525.18,0.77971
2024-01-03T06:24:00,34525.18,34531.04,34518.41,34531.04,1.40326
2024-01-03T06:25:00,34531.04,34540.93,34523.76,34536.64,1.57603
2024-01-03T06:26:00,34536.64,34547.17,34525.04,34527.05,1.45198
2024-01-03T06:27:00,34527.05,34541.49,34511.42,34513.70,1.03594
2024-01-03T06:28:00,34513.70,34528.83,34499.35,34526.82,1.63199
2024-01-03T06:29:00,34526.82,34553.45,34504.72,34545.49,0.89916
2024-01-03T06:30:00,34545.49,34551.59,34531.89,34539.34,1.02371
2024-01-03T06:31:00,34539.34,34542.18,34534.91,34542.18,0.67303
2024-01-03T06:32:00,34542.18,34551.02,34536.11,34539.60,1.17859
2024-01-03T06:33:00,34539.60,34555.79,34524.20,34550.43,1.54413
2024-01-03T06:34:00,34550.43,34567.13,34533.75,34543.62,1.74614
2024-01-03T06:35:00,34543.62,34560.72,34525.58,34528.44,0.71805
2024-01-03T06:36:00,34528.44,34545.62,34513.14,34545.62,1.20963
2024-01-03T06:37:00,34545.62,34566.34,34518.98,34523.63,0.74327
2024-01-03T06:38:00,34523.63,34538.64,34514.54,34525.76,1.48579
2024-01-03T06:39:00,34525.76,34551.72,34503.80,34542.63,2.05878
2024-01-03T06:40:00,34542.63,34559.59,34519.98,34524.60,1.40725
2024-01-03T06:41:00,34524.60,34543.48,34501.07,34543.40,1.69336
2024-01-03T06:42:00,34543.40,34552.57,34541.87,34541.87,1.23105
2024-01-03T06:43:00,34541.87,34550.08,34531.98,34540.60,1.79967
2024-01-03T06:44:00,34540.60,34559.11,34519.10,34519.10,0.50132
2024-01-03T06:45:00,34519.10,34542.46,34497.36,34500.34,0.67724
2024-01-03T06:46:00,34500.34,34511.88,34491.33,34509.39,1.08711
2024-01-03T06:47:00,34509.39,34524.07,34492.12,34496.49,1.44305
2024-01-03T06:48:00,34496.49,34506.57,34493.53,34496.87,2.11296
2024-01-03T06:49:00,34496.87,34519.06,34472.16,34514.43,0.79361
2024-01-03T06:50:00,34514.43,34530.70,34490.38,34497.35,0.68052
2024-01-03T06:51:00,34497.35,34521.27,34473.43,34485.20,1.54128
2024-01-03T06:52:00,34485.20,34500.12,34470.96,34476.61,1.04021
2024-01-03T06:53:00,34476.61,34498.00,34459.93,34488.09,1.44060
2024-01-03T06:54:00,34488.09,34497.45,34484.03,34490.56,0.38238
2024-01-03T06:55:00,34490.56,34504.58,34477.42,34504.58,1.76553
2024-01-03T06:56:00,34504.58,34517.47,34490.60,34517.47,2.08372
2024-01-03T06:57:00,34517.47,34524.02,34512.21,34519.20,1.42222
2024-01-03T06:58:00,34519.20,34536.63,34501.41,34504.52,0.62574
2024-01-03T06:59:00,34504.52,34512.74,34496.71,34509.60,0.49858
2024-01-03T07:00:00,34509.60,34526.06,34490.74,34517.31,0.14124
2024-01-03T07:01:00,34517.31,34532.00,34504.64,34531.82,1.01535
2024-01-03T07:02:00,34531.82,34546.17,34513.20,34542.99,1.34191
2024-01-03T07:03:00,34542.99,34562.76,34522.10,34561.30,0.74610
2024-01-03T07:04:00,34561.30,34562.54,34551.16,34562.54,0.22844
2024-01-03T07:05:00,34562.54,34583.73,34540.26,34547.22,1.26481
2024-01-03T07:06:00,34547.22,34567.44,34526.22,34562.75,0.80118
2024-01-03T07:07:00,34562.75,34573.09,34544.11,34556.58,1.01247
2024-01-03T07:08:00,34556.58,34562.01,34548.20,34557.39,2.43557
2024-01-03T07:09:00,34557.39,34567.21,34547.09,34564.92,1.00818
2024-01-03T07:10:00,34564.92,34589.73,34541.62,34554.55,1.26279
2024-01-03T07:11:00,34554.55,34574.18,34530.20,34533.49,1.54851
2024-01-03T07:12:00,34533.49,34546.42,34523.54,34542.79,0.90487
2024-01-03T07:13:00,34542.79,34546.81,34541.23,34541.29,0.46565
2024-01-03T07:14:00,34541.29,34554.54,34527.86,34549.48,1.43356
2024-01-03T07:15:00,34549.48,34569.83,34526.66,34532.62,0.67037
2024-01-03T07:16:00,34532.62,34555.86,34506.89,34508.99,1.45257
2024-01-03T07:17:00,34508.99,34528.39,34490.89,34528.39,0.82252
2024-01-03T07:18:00,34528.39,34532.60,34519.38,34532.60,2.36836
2024-01-03T07:19:00,34532.60,34558.43,34511.41,34521.32,1.08101
2024-01-03T07:20:00,34521.32,34540.65,34508.83,34512.07,0.77969
2024-01-03T07:21:00,34512.07,34538.19,34492.15,34532.63,1.70418
2024-01-03T07:22:00,34532.63,34561.34,34510.82,34512.04,0.88004
2024-01-03T07:23:00,34512.04,34521.33,34494.50,34516.09,1.01937
2024-01-03T07:24:00,34516.09,34525.39,34507.45,34525.39,1.37015
2024-01-03T07:25:00,34525.39,34546.44,34508.28,34534.92,0.67270
2024-01-03T07:26:00,34534.92,34542.96,34527.48,34539.09,0.66222
2024-01-03T07:27:00,34539.09,34561.63,34524.90,34553.41,1.54649
2024-01-03T07:28:00,34553.41,34565.63,34546.02,34553.26,0.63165
2024-01-03T07:29:00,34553.26,34557.02,34543.29,34546.74,1.55282
2024-01-03T07:30:00,34546.74,34565.13,34528.14,34533.70,2.03725
2024-01-03T07:31:00,34533.70,34537.84,34525.43,34535.03,1.22731
2024-01-03T07:32:00,34535.03,34540.64,34530.76,34540.49,1.47694
2024-01-03T07:33:00,34540.49,34546.17,34534.90,34537.81,1.42233
2024-01-03T07:34:00,34537.81,34558.32,34521.06,34527.27,1.29274
2024-01-03T07:35:00,34527.27,34541.54,34521.13,34534.82,1.41198
2024-01-03T07:36:00,34534.82,34542.89,34521.91,34542.89,0.64282
2024-01-03T07:37:00,34542.89,34554.56,34533.61,34549.96,1.29676
2024-01-03T07:38:00,34549.96,34561.90,34542.40,34550.24,1.32026
2024-01-03T07:39:00,34550.24,34566.68,34530.71,34558.69,1.89519
2024-01-03T07:40:00,34558.69,34582.77,34532.47,34573.28,0.38722
2024-01-03T07:41:00,34573.28,34595.43,34548.44,34557.19,2.38755
2024-01-03T07:42:00,34557.19,34574.40,34539.29,34569.75,1.09358
2024-01-03T07:43:00,34569.75,34572.81,34560.15,34569.93,1.24874
2024-01-03T07:44:00,34569.93,34594.52,34546.11,34585.95,1.20836
2024-01-03T07:45:00,34585.95,34604.79,34570.93,34571.30,1.15590
2024-01-03T07:46:00,34571.30,34587.43,34562.17,34566.06,0.72913
2024-01-03T07:47:00,34566.06,34579.12,34553.71,34567.08,1.58678
2024-01-03T07:48:00,34567.08,34577.93,34557.30,34577.93,0.87189
2024-01-03T07:49:00,34577.93,34594.63,34565.12,34565.63,0.57521
2024-01-03T07:50:00,34565.63,34572.69,34549.47,34563.28,1.21824
2024-01-03T07:51:00,34563.28,34573.84,34551.89,34562.88,1.15767
2024-01-03T07:52:00,34562.88,34574.68,34550.28,34574.68,1.48762
2024-01-03T07:53:00,34574.68,34586.50,34560.81,34560.81,0.67061
2024-01-03T07:54:00,34560.81,34587.84,34533.48,34580.94,2.06007
2024-01-03T07:55:00,34580.94,34598.84,34556.35,34595.29,1.12928
2024-01-03T07:56:00,34595.29,34612.19,34587.67,34587.67,2.39762
2024-01-03T07:57:00,34587.67,34593.02,34579.84,34585.88,2.44508
2024-01-03T07:58:00,34585.88,34596.37,34573.54,34580.51,1.67319
2024-01-03T07:59:00,34580.51,34589.11,34576.81,34579.41,0.53346
2024-01-03T08:00:00,34579.41,34587.44,34564.69,34574.18,0.94641
2024-01-03T08:01:00,34574.18,34589.25,34563.02,34583.70,0.97422
2024-01-03T08:02:00,34583.70,34589.40,34570.84,34580.81,1.48017
2024-01-03T08:03:00,34580.81,34590.84,34568.36,34571.78,1.07385
2024-01-03T08:04:00,34571.78,34578.29,34564.68,34571.91,1.30520
2024-01-03T08:05:00,34571.91,34599.81,34550.66,34550.66,0.73407
2024-01-03T08:06:00,34550.66,34563.08,34539.35,34539.50,1.58678
2024-01-03T08:07:00,34539.50,34544.23,34532.18,34532.22,1.21487
2024-01-03T08:08:00,34532.22,34542.85,34521.95,34521.95,1.62676
2024-01-03T08:09:00,34521.95,34524.57,34512.66,34521.24,0.50139
2024-01-03T08:10:00,34521.24,34541.94,34508.23,34509.46,0.96848
2024-01-03T08:11:00,34509.46,34523.42,34495.95,34503.44,1.10623
2024-01-03T08:12:00,34503.44,34508.48,34490.18,34502.20,1.36449
2024-01-03T08:13:00,34502.20,34516.44,34489.43,34516.44,1.08834
2024-01-03T08:14:00,34516.44,34533.02,34494.32,34526.80,0.53180
2024-01-03T08:15:00,34526.80,34538.46,34508.18,34512.99,0.86392
2024-01-03T08:16:00,34512.99,34533.96,34492.06,34498.68,1.70599
2024-01-03T08:17:00,34498.68,34511.98,34484.65,34484.65,0.53516
2024-01-03T08:18:00,34484.65,34510.44,34461.17,34463.61,1.32935
2024-01-03T08:19:00,34463.61,34465.74,34456.76,34465.74,1.85650
2024-01-03T08:20:00,34465.74,34484.93,34443.06,34449.25,0.55160
2024-01-03T08:21:00,34449.25,34458.83,34436.68,34449.95,2.22084
2024-01-03T08:22:00,34449.95,34467.90,34432.79,34465.33,2.03037
2024-01-03T08:23:00,34465.33,34481.06,34451.67,34456.80,1.04497
2024-01-03T08:24:00,34456.80,34472.85,34441.38,34447.71,0.96191
2024-01-03T08:25:00,34447.71,34470.31,34421.06,34467.62,0.29311
2024-01-03T08:26:00,34467.62,34488.81,34449.75,34484.94,0.77961
2024-01-03T08:27:00,34484.94,34501.44,34467.43,34468.59,1.11305
2024-01-03T08:28:00,34468.59,34479.97,34458.63,34458.85,1.83589
2024-01-03T08:29:00,34458.85,34481.17,34436.85,34480.08,1.27388
2024-01-03T08:30:00,34480.08,34480.41,34478.48,34478.48,0.85693
2024-01-03T08:31:00,34478.48,34487.46,34468.14,34478.53,1.57046
2024-01-03T08:32:00,34478.53,34492.49,34469.51,34479.57,1.79641
2024-01-03T08:33:00,34479.57,34490.30,34472.55,34484.28,1.03734
2024-01-03T08:34:00,34484.28,34496.63,34472.87,34479.57,1.26797
2024-01-03T08:35:00,34479.57,34481.25,34476.94,34481.25,1.59163
2024-01-03T08:36:00,34481.25,34506.07,34457.12,34467.18,1.97786
2024-01-03T08:37:00,34467.18,34477.62,34452.55,34461.24,1.90568
2024-01-03T08:38:00,34461.24,34475.90,34451.06,34451.06,1.66069
2024-01-03T08:39:00,34451.06,34470.39,34431.85,34461.66,0.73717
2024-01-03T08:40:00,34461.66,34478.36,34447.11,34453.29,1.99556
2024-01-03T08:41:00,34453.29,34465.80,34447.86,34454.48,0.24887
2024-01-03T08:42:00,34454.48,34474.82,34435.36,34439.66,1.70369
2024-01-03T08:43:00,34439.66,34449.50,34428.77,34445.39,1.81589
2024-01-03T08:44:00,34445.39,34468.67,34421.49,34462.35,1.15768
2024-01-03T08:45:00,34462.35,34486.48,34439.00,34447.40,0.11599
2024-01-03T08:46:00,34447.40,34468.39,34423.73,34428.45,0.93377
2024-01-03T08:47:00,34428.45,34448.93,34401.41,34408.15,2.62081
2024-01-03T08:48:00,34408.15,34433.94,34388.86,34420.65,1.37045
2024-01-03T08:49:00,34420.65,34428.65,34409.02,34411.53,1.30263
2024-01-03T08:50:00,34411.53,34413.15,34405.10,34411.63,0.75962
2024-01-03T08:51:00,34411.63,34420.34,34403.45,34416.92,2.03263
2024-01-03T08:52:00,34416.92,34432.07,34402.81,34418.62,1.42056
2024-01-03T08:53:00,34418.62,34425.70,34416.35,34416.35,0.38180
2024-01-03T08:54:00,34416.35,34437.40,34392.96,34396.64,2.53937
2024-01-03T08:55:00,34396.64,34414.82,34386.01,34390.05,1.28252
2024-01-03T08:56:00,34390.05,34412.01,34374.12,34406.99,0.55163
2024-01-03T08:57:00,34406.99,34409.90,34399.77,34403.47,0.63727
2024-01-03T08:58:00,34403.47,34427.16,34382.28,34386.31,1.84253
2024-01-03T08:59:00,34386.31,34405.32,34372.17,34375.20,1.05137
2024-01-03T09:00:00,34375.20,34384.69,34370.30,34379.12,0.95468
2024-01-03T09:01:00,34379.12,34392.72,34367.46,34388.63,1.71032
2024-01-03T09:02:00,34388.63,34407.75,34372.92,34399.02,0.58462
2024-01-03T09:03:00,34399.02,34415.08,34384.39,34385.49,1.16109
2024-01-03T09:04:00,34385.49,34408.34,34369.53,34394.67,1.12420
2024-01-03T09:05:00,34394.67,34412.29,34376.01,34410.75,1.11764
2024-01-03T09:06:00,34410.75,34432.21,34390.35,34398.01,1.47878
2024-01-03T09:07:00,34398.01,34414.15,34382.55,34392.52,1.41133
2024-01-03T09:08:00,34392.52,34399.38,34385.17,34392.51,0.05440
2024-01-03T09:09:00,34392.51,34396.54,34390.04,34393.25,1.46150
2024-01-03T09:10:00,34393.25,34402.89,34385.26,34389.49,1.96231
2024-01-03T09:11:00,34389.49,34398.37,34385.27,34392.88,1.34861
2024-01-03T09:12:00,34392.88,34406.74,34378.22,34406.74,0.91208
2024-01-03T09:13:00,34406.74,34423.66,34392.02,34418.08,1.11647
2024-01-03T09:14:00,34418.08,34442.68,34398.17,34398.17,1.71884
2024-01-03T09:15:00,34398.17,34423.44,34368.93,34379.64,0.61648
2024-01-03T09:16:00,34379.64,34400.45,34362.78,34393.01,1.53022
2024-01-03T09:17:00,34393.01,34417.63,34365.81,34377.54,1.65011
2024-01-03T09:18:00,34377.54,34399.95,34351.20,34360.48,1.88074
2024-01-03T09:19:00,34360.48,34378.94,34338.39,34347.34,1.58137
2024-01-03T09:20:00,34347.34,34361.37,34335.79,34338.15,0.50511
2024-01-03T09:21:00,34338.15,34353.85,34320.71,34322.95,1.57985
2024-01-03T09:22:00,34322.95,34334.77,34306.09,34311.87,1.69520
2024-01-03T09:23:00,34311.87,34327.13,34290.05,34327.13,1.49627
2024-01-03T09:24:00,34327.13,34333.06,34324.59,34328.38,1.49696
2024-01-03T09:25:00,34328.38,34347.55,34307.22,34342.37,1.51187
2024-01-03T09:26:00,34342.37,34347.23,34334.21,34334.21,2.29157
2024-01-03T09:27:00,34334.21,34348.92,34325.23,34343.41,1.17082
2024-01-03T09:28:00,34343.41,34356.87,34334.69,34352.80,0.38876
2024-01-03T09:29:00,34352.80,34370.49,34335.59,34362.16,0.97787
2024-01-03T09:30:00,34362.16,34382.08,34341.68,34380.98,1.62606
2024-01-03T09:31:00,34380.98,34393.41,34370.94,34385.66,1.39986
2024-01-03T09:32:00,34385.66,34401.85,34369.83,34397.18,1.10009
2024-01-03T09:33:00,34397.18,34413.75,34376.33,34385.92,1.79267
2024-01-03T09:34:00,34385.92,34399.18,34366.11,34391.94,1.75327
2024-01-03T09:35:00,34391.94,34415.65,34370.81,34373.95,0.38592
2024-01-03T09:36:00,34373.95,34386.97,34360.66,34376.55,2.06705
2024-01-03T09:37:00,34376.55,34383.20,34369.89,34383.20,1.24747
2024-01-03T09:38:00,34383.20,34398.38,34375.81,34379.11,1.79436
2024-01-03T09:39:00,34379.11,34396.26,34359.87,34391.92,1.44198
2024-01-03T09:40:00,34391.92,34410.71,34374.82,34406.79,1.44409
2024-01-03T09:41:00,34406.79,34416.93,34396.78,34416.93,0.53948
2024-01-03T09:42:00,34416.93,34438.13,34405.08,34423.80,1.10594
2024-01-03T09:43:00,34423.80,34445.69,34397.25,34442.13,1.37704
2024-01-03T09:44:00,34442.13,34451.95,34427.34,34445.12,0.63666
2024-01-03T09:45:00,34445.12,34464.55,34422.78,34430.09,1.10926
2024-01-03T09:46:00,34430.09,34449.10,34403.61,34407.90,1.03441
2024-01-03T09:47:00,34407.90,34425.04,34393.97,34397.50,0.97300
2024-01-03T09:48:00,34397.50,34404.21,34384.06,34390.50,1.62421
2024-01-03T09:49:00,34390.50,34396.84,34377.79,34383.20,1.66659
2024-01-03T09:50:00,34383.20,34404.62,34362.93,34400.62,1.05627
2024-01-03T09:51:00,34400.62,34407.07,34392.52,34397.66,1.93016
2024-01-03T09:52:00,34397.66,34410.69,34388.06,34402.52,1.39263
2024-01-03T09:53:00,34402.52,34418.59,34380.77,34387.19,1.45389
2024-01-03T09:54:00,34387.19,34398.81,34370.20,34377.81,1.19252
2024-01-03T09:55:00,34377.81,34390.91,34364.22,34384.24,2.11170
2024-01-03T09:56:00,34384.24,34410.04,34364.17,34369.30,1.93277
2024-01-03T09:57:00,34369.30,34387.59,34349.60,34381.39,1.65459
2024-01-03T09:58:00,34381.39,34399.87,34364.69,34374.35,2.18992
2024-01-03T09:59:00,34374.35,34392.37,34355.27,34392.37,0.96213
2024-01-03T10:00:00,34392.37,34413.52,34373.06,34406.57,1.58393
2024-01-03T10:01:00,34406.57,34424.29,34391.82,34401.33,1.69973
2024-01-03T10:02:00,34401.33,34412.34,34384.78,34390.17,0.81865
2024-01-03T10:03:00,34390.17,34402.02,34377.97,34386.38,0.69077
2024-01-03T10:04:00,34386.38,34401.31,34366.48,34371.83,1.11493
2024-01-03T10:05:00,34371.83,34393.51,34353.99,34354.84,1.10477
2024-01-03T10:06:00,34354.84,34378.04,34333.02,34372.52,2.19744
2024-01-03T10:07:00,34372.52,34378.55,34367.46,34378.55,1.47846
2024-01-03T10:08:00,34378.55,34398.22,34359.38,34389.19,1.99761
2024-01-03T10:09:00,34389.19,34402.85,34375.48,34375.48,1.36889
2024-01-03T10:10:00,34375.48,34391.53,34362.73,34381.84,2.45487
2024-01-03T10:11:00,34381.84,34382.71,34373.04,34381.15,1.30399
2024-01-03T10:12:00,34381.15,34393.23,34364.02,34367.02,1.10762
2024-01-03T10:13:00,34367.02,34381.73,34349.92,34372.56,0.90528
2024-01-03T10:14:00,34372.56,34388.82,34356.99,34382.52,0.88498
2024-01-03T10:15:00,34382.52,34408.33,34362.82,34402.05,0.97119
2024-01-03T10:16:00,34402.05,34417.23,34390.35,34408.16,1.40598
2024-01-03T10:17:00,34408.16,34410.06,34406.44,34409.39,0.50067
2024-01-03T10:18:00,34409.39,34426.38,34384.46,34390.53,1.75746
2024-01-03T10:19:00,34390.53,34403.60,34377.90,34402.12,1.82446
2024-01-03T10:20:00,34402.12,34407.05,34397.70,34404.33,1.78677
2024-01-03T10:21:00,34404.33,34426.90,34383.65,34417.45,1.69499
2024-01-03T10:22:00,34417.45,34442.55,34392.48,34397.97,1.19543
2024-01-03T10:23:00,34397.97,34400.64,34393.82,34397.31,0.29284
2024-01-03T10:24:00,34397.31,34409.40,34379.58,34405.30,0.88866
2024-01-03T10:25:00,34405.30,34409.60,34398.00,34404.56,1.37211
2024-01-03T10:26:00,34404.56,34426.96,34379.57,34389.62,1.24884
2024-01-03T10:27:00,34389.62,34409.92,34372.66,34373.26,1.37507
2024-01-03T10:28:00,34373.26,34384.13,34361.06,34368.17,0.85750
2024-01-03T10:29:00,34368.17,34377.27,34357.78,34367.96,1.32437
2024-01-03T10:30:00,34367.96,34377.34,34359.86,34373.99,0.95156
2024-01-03T10:31:00,34373.99,34394.68,34360.79,34360.79,1.00166
2024-01-03T10:32:00,34360.79,34378.20,34346.50,34354.54,1.23761
2024-01-03T10:33:00,34354.54,34364.03,34344.49,34360.96,0.79848
2024-01-03T10:34:00,34360.96,34375.84,34344.57,34351.19,1.67590
2024-01-03T10:35:00,34351.19,34378.82,34331.10,34364.62,1.15569
2024-01-03T10:36:00,34364.62,34382.62,34354.07,34371.34,1.06865
2024-01-03T10:37:00,34371.34,34379.88,34365.26,34374.84,1.36387
2024-01-03T10:38:00,34374.84,34397.75,34352.15,34389.23,0.89918
2024-01-03T10:39:00,34389.23,34398.35,34375.93,34380.31,1.14870
2024-01-03T10:40:00,34380.31,34399.29,34368.73,34394.49,0.49371
2024-01-03T10:41:00,34394.49,34409.01,34376.81,34384.87,1.16583
2024-01-03T10:42:00,34384.87,34406.78,34370.32,34371.79,0.44007
2024-01-03T10:43:00,34371.79,34383.40,34357.46,34360.68,0.97710
2024-01-03T10:44:00,34360.68,34366.98,34357.68,34358.15,1.32240
2024-01-03T10:45:00,34358.15,34370.96,34350.01,34353.23,2.25407
2024-01-03T10:46:00,34353.23,34379.19,34332.46,34333.77,0.45509
2024-01-03T10:47:00,34333.77,34348.42,34324.62,34328.53,1.22284
2024-01-03T10:48:00,34328.53,34351.03,34304.55,34347.74,2.06065
2024-01-03T10:49:00,34347.74,34364.67,34333.01,34341.69,1.60731
2024-01-03T10:50:00,34341.69,34363.41,34323.82,34356.17,0.95780
2024-01-03T10:51:00,34356.17,34358.38,34353.51,34358.38,0.75622
2024-01-03T10:52:00,34358.38,34379.10,34339.43,34372.95,1.16960
2024-01-03T10:53:00,34372.95,34377.26,34366.02,34366.47,1.14752
2024-01-03T10:54:00,34366.47,34376.60,34348.68,34359.65,1.46055
2024-01-03T10:55:00,34359.65,34381.42,34332.88,34377.36,0.91587
2024-01-03T10:56:00,34377.36,34384.64,34367.48,34380.65,1.36986
2024-01-03T10:57:00,34380.65,34400.87,34355.24,34397.13,0.86119
2024-01-03T10:58:00,34397.13,34406.54,34388.18,34399.02,1.03396
2024-01-03T10:59:00,34399.02,34421.31,34378.50,34380.48,0.77560
2024-01-03T11:00:00,34380.48,34390.99,34369.66,34369.66,1.89874
2024-01-03T11:01:00,34369.66,34392.46,34351.65,34355.23,1.98129
2024-01-03T11:02:00,34355.23,34378.78,34325.79,34372.51,1.61384
2024-01-03T11:03:00,34372.51,34382.17,34360.54,34371.26,1.08071
2024-01-03T11:04:00,34371.26,34391.21,34353.48,34362.04,1.72742
2024-01-03T11:05:00,34362.04,34380.20,34349.98,34373.25,1.62140
2024-01-03T11:06:00,34373.25,34386.47,34359.45,34364.38,0.30650
2024-01-03T11:07:00,34364.38,34374.94,34354.55,34359.16,0.64611
2024-01-03T11:08:00,34359.16,34379.55,34333.34,34379.55,2.75020
2024-01-03T11:09:00,34379.55,34389.90,34366.67,34366.85,0.98839
2024-01-03T11:10:00,34366.85,34383.52,34355.45,34355.45,1.09453
2024-01-03T11:11:00,34355.45,34378.56,34331.55,34335.76,1.39108
2024-01-03T11:12:00,34335.76,34354.45,34320.59,34351.14,1.33463
2024-01-03T11:13:00,34351.14,34378.48,34325.41,34364.80,1.27559
2024-01-03T11:14:00,34364.80,34382.48,34341.91,34350.30,1.26614
2024-01-03T11:15:00,34350.30,34368.13,34331.87,34339.99,1.76507
2024-01-03T11:16:00,34339.99,34365.35,34317.28,34323.33,0.36186
2024-01-03T11:17:00,34323.33,34329.82,34319.87,34319.87,1.24072
2024-01-03T11:18:00,34319.87,34327.90,34316.95,34320.79,0.63024
2024-01-03T11:19:00,34320.79,34329.27,34310.38,34319.35,0.87077
2024-01-03T11:20:00,34319.35,34331.91,34305.39,34328.85,0.84622
2024-01-03T11:21:00,34328.85,34344.41,34316.92,34322.63,1.66114
2024-01-03T11:22:00,34322.63,34345.91,34296.06,34338.37,1.84762
2024-01-03T11:23:00,34338.37,34353.63,34327.01,34329.67,0.57175
2024-01-03T11:24:00,34329.67,34340.06,34319.06,34330.88,1.41579
2024-01-03T11:25:00,34330.88,34354.01,34309.39,34310.92,1.62878
2024-01-03T11:26:00,34310.92,34329.76,34293.73,34298.05,1.14823
2024-01-03T11:27:00,34298.05,34320.37,34281.58,34309.23,1.29695
2024-01-03T11:28:00,34309.23,34326.75,34294.84,34317.57,1.58685
2024-01-03T11:29:00,34317.57,34322.08,34308.58,34310.28,1.32995
2024-01-03T11:30:00,34310.28,34337.25,34283.94,34325.93,1.20776
2024-01-03T11:31:00,34325.93,34329.87,34322.13,34329.87,1.34134
2024-01-03T11:32:00,34329.87,34351.16,34316.69,34337.86,0.53545
2024-01-03T11:33:00,34337.86,34359.35,34313.82,34320.17,1.81414
2024-01-03T11:34:00,34320.17,34345.71,34296.78,34304.49,1.32793
2024-01-03T11:35:00,34304.49,34323.06,34291.40,34295.21,1.58391
2024-01-03T11:36:00,34295.21,34316.23,34269.11,34278.94,1.06612
2024-01-03T11:37:00,34278.94,34304.17,34260.57,34264.04,0.89676
2024-01-03T11:38:00,34264.04,34285.13,34241.64,34284.19,0.84495
2024-01-03T11:39:00,34284.19,34295.28,34267.97,34294.09,0.71375
2024-01-03T11:40:00,34294.09,34302.89,34284.37,34289.96,1.61525
2024-01-03T11:41:00,34289.96,34308.94,34268.69,34306.60,0.83617
2024-01-03T11:42:00,34306.60,34320.72,34295.99,34303.62,1.06107
2024-01-03T11:43:00,34303.62,34315.34,34294.17,34308.99,1.40175
2024-01-03T11:44:00,34308.99,34313.12,34296.24,34312.59,0.93461
2024-01-03T11:45:00,34312.59,34336.21,34289.56,34293.78,1.01364
2024-01-03T11:46:00,34293.78,34300.71,34284.16,34289.15,1.21275
2024-01-03T11:47:00,34289.15,34294.89,34279.95,34294.89,1.11934
2024-01-03T11:48:00,34294.89,34314.68,34272.24,34305.75,2.12284
2024-01-03T11:49:00,34305.75,34313.51,34297.26,34298.64,0.46147
2024-01-03T11:50:00,34298.64,34312.51,34280.83,34306.19,1.19526
2024-01-03T11:51:00,34306.19,34310.77,34294.85,34299.08,1.19278
2024-01-03T11:52:00,34299.08,34312.35,34290.77,34290.77,0.97349
2024-01-03T11:53:00,34290.77,34310.80,34264.46,34269.94,0.74382
2024-01-03T11:54:00,34269.94,34288.24,34247.54,34259.92,1.67468
2024-01-03T11:55:00,34259.92,34272.67,34248.20,34251.80,1.60310
2024-01-03T11:56:00,34251.80,34258.12,34243.63,34245.17,0.09272
2024-01-03T11:57:00,34245.17,34256.74,34233.01,34243.50,1.90363
2024-01-03T11:58:00,34243.50,34250.25,34232.58,34233.91,1.30957
2024-01-03T11:59:00,34233.91,34240.03,34219.23,34223.91,1.49020
2024-01-03T12:00:00,34223.91,34248.07,34197.49,34246.34,0.26821
2024-01-03T12:01:00,34246.34,34271.42,34219.96,34224.22,1.51659
2024-01-03T12:02:00,34224.22,34246.95,34200.68,34204.35,0.00114
2024-01-03T12:03:00,34204.35,34223.83,34187.74,34193.87,0.65543
2024-01-03T12:04:00,34193.87,34198.39,34189.86,34189.86,1.69506
2024-01-03T12:05:00,34189.86,34201.00,34175.36,34188.31,2.15063
2024-01-03T12:06:00,34188.31,34199.20,34174.22,34194.88,1.26991
2024-01-03T12:07:00,34194.88,34204.55,34183.99,34204.55,1.06983
2024-01-03T12:08:00,34204.55,34233.86,34175.25,34224.55,0.89445
2024-01-03T12:09:00,34224.55,34243.74,34203.76,34237.35,1.07095
2024-01-03T12:10:00,34237.35,34246.46,34224.96,34240.78,1.79260
2024-01-03T12:11:00,34240.78,34249.92,34235.39,34237.06,2.47259
2024-01-03T12:12:00,34237.06,34254.29,34216.94,34221.33,1.05604
2024-01-03T12:13:00,34221.33,34221.96,34217.29,34221.04,0.55544
2024-01-03T12:14:00,34221.04,34231.02,34206.00,34217.56,1.36065
2024-01-03T12:15:00,34217.56,34218.76,34215.29,34215.29,0.64076
2024-01-03T12:16:00,34215.29,34225.19,34205.64,34214.00,0.96456
2024-01-03T12:17:00,34214.00,34225.81,34195.11,34219.55,1.20591
2024-01-03T12:18:00,34219.55,34241.82,34205.87,34205.87,1.31565
2024-01-03T12:19:00,34205.87,34225.41,34185.61,34225.41,0.76237
2024-01-03T12:20:00,34225.41,34250.19,34199.76,34212.56,1.74564
2024-01-03T12:21:00,34212.56,34226.26,34193.94,34202.04,1.37951
2024-01-03T12:22:00,34202.04,34217.48,34178.00,34189.80,0.05599
2024-01-03T12:23:00,34189.80,34211.46,34168.76,34210.20,1.42046
2024-01-03T12:24:00,34210.20,34221.74,34201.11,34212.15,0.60258
2024-01-03T12:25:00,34212.15,34231.55,34186.67,34193.46,0.13577
2024-01-03T12:26:00,34193.46,34216.60,34174.11,34207.97,2.08974
2024-01-03T12:27:00,34207.97,34223.67,34200.85,34205.72,1.05557
2024-01-03T12:28:00,34205.72,34232.54,34182.31,34225.51,0.90786
2024-01-03T12:29:00,34225.51,34246.87,34207.42,34209.25,0.99892
2024-01-03T12:30:00,34209.25,34227.42,34193.67,34202.33,1.41871
2024-01-03T12:31:00,34202.33,34207.86,34192.60,34204.23,0.71099
2024-01-03T12:32:00,34204.23,34214.46,34196.07,34198.00,1.27361
2024-01-03T12:33:00,34198.00,34221.01,34170.60,34221.01,0.75876
2024-01-03T12:34:00,34221.01,34239.74,34203.88,34205.40,0.59780
2024-01-03T12:35:00,34205.40,34219.94,34190.00,34199.13,1.09076
2024-01-03T12:36:00,34199.13,34203.44,34193.69,34193.69,0.62681
2024-01-03T12:37:00,34193.69,34204.63,34182.43,34187.42,0.99584
2024-01-03T12:38:00,34187.42,34209.41,34166.91,34203.23,1.58571
2024-01-03T12:39:00,34203.23,34230.02,34184.43,34224.09,0.59684
2024-01-03T12:40:00,34224.09,34239.22,34207.21,34219.43,0.72866
2024-01-03T12:41:00,34219.43,34236.12,34202.44,34232.91,1.58570
2024-01-03T12:42:00,34232.91,34246.59,34222.78,34228.41,1.59448
2024-01-03T12:43:00,34228.41,34237.84,34224.66,34227.32,0.92632
2024-01-03T12:44:00,34227.32,34233.16,34213.23,34223.05,1.13700
2024-01-03T12:45:00,34223.05,34247.67,34203.24,34208.94,0.68827
2024-01-03T12:46:00,34208.94,34212.71,34202.99,34210.79,1.01753
2024-01-03T12:47:00,34210.79,34217.04,34203.32,34210.38,0.95030
2024-01-03T12:48:00,34210.38,34221.22,34193.80,34220.22,1.26699
2024-01-03T12:49:00,34220.22,34228.46,34207.78,34209.34,0.02592
2024-01-03T12:50:00,34209.34,34226.88,34191.37,34221.06,1.29619
2024-01-03T12:51:00,34221.06,34228.85,34206.66,34223.97,1.96152
2024-01-03T12:52:00,34223.97,34235.96,34206.23,34220.54,1.44579
2024-01-03T12:53:00,34220.54,34236.54,34200.63,34211.23,1.45881
2024-01-03T12:54:00,34211.23,34229.50,34190.99,34190.99,0.76765
2024-01-03T12:55:00,34190.99,34209.86,34177.69,34201.52,1.39746
2024-01-03T12:56:00,34201.52,34225.06,34177.95,34183.21,1.74211
2024-01-03T12:57:00,34183.21,34191.77,34169.13,34186.33,2.13096
2024-01-03T12:58:00,34186.33,34199.02,34176.83,34198.13,1.89603
2024-01-03T12:59:00,34198.13,34211.61,34183.08,34191.42,1.19279